<?xml version = '1.0' encoding = 'UTF-8'?>
<Table class="oracle.dbtools.crest.model.design.relational.Table" directorySegmentName="seg_0" id="0ABA20F7-8FA9-2035-4D39-910A14DC6DDC" name="T_SIP_FUNC_ENDE">
<createdBy>logonpf</createdBy>
<createdTime>2017-04-24 14:10:32 UTC</createdTime>
<generatorID>116A8AD2-B1E1-8813-8403-E04D02552A1C</generatorID>
<ownerDesignName>AULA11 - EXERC01 - PROJETOS</ownerDesignName>
<allowColumnReorder>false</allowColumnReorder>
<existDependencyGenerateInDDl>true</existDependencyGenerateInDDl>
<parsed>true</parsed>
<columns itemClass="oracle.dbtools.crest.model.design.relational.Column">
<Column name="nr_cep" id="A7466477-D80A-E7F6-CB1E-701CAE7A43B8">
<createdBy>logonpf</createdBy>
<createdTime>2017-04-24 14:10:32 UTC</createdTime>
<generatorID>B2194D2A-C208-41CD-1673-CE9C2EB376EB</generatorID>
<ownerDesignName>AULA11 - EXERC01 - PROJETOS</ownerDesignName>
<useDomainConstraints>false</useDomainConstraints>
<use>1</use>
<logicalDatatype>LOGDT019</logicalDatatype>
<dataTypePrecision>8</dataTypePrecision>
<ownDataTypeParameters>,,</ownDataTypeParameters>
<previousColumn>false</previousColumn>
<autoIncrementCycle>false</autoIncrementCycle>
<associations>
<colAssociation fkAssociation="D6DC2818-3F36-AC3B-DB2A-AAFFA2E06C04" referredColumn="188726B7-8EB5-7275-DBE5-D52C41677969"/>
</associations>
</Column>
<Column name="nr_matricula" id="FA6E6E71-FFF5-DDDE-93C8-A5BD0CB9E56A">
<createdBy>logonpf</createdBy>
<createdTime>2017-04-24 14:10:32 UTC</createdTime>
<generatorID>B43D6949-3A4C-FAF5-BEFE-71E74EA197FB</generatorID>
<ownerDesignName>AULA11 - EXERC01 - PROJETOS</ownerDesignName>
<useDomainConstraints>false</useDomainConstraints>
<use>1</use>
<logicalDatatype>LOGDT019</logicalDatatype>
<dataTypePrecision>5</dataTypePrecision>
<ownDataTypeParameters>,,</ownDataTypeParameters>
<previousColumn>false</previousColumn>
<autoIncrementCycle>false</autoIncrementCycle>
<associations>
<colAssociation fkAssociation="28C16049-69F3-26CC-EA4C-5FE615BB384B" referredColumn="F480997D-E2A4-1377-4764-88C94E5A3E65"/>
</associations>
</Column>
<Column name="nr_logradouro" id="150B9B03-16DA-F23F-8BCB-255D01D291ED">
<createdBy>logonpf</createdBy>
<createdTime>2017-04-24 14:10:32 UTC</createdTime>
<generatorID>973F659E-01F5-C057-2468-C1C24E1ED59A</generatorID>
<ownerDesignName>AULA11 - EXERC01 - PROJETOS</ownerDesignName>
<useDomainConstraints>false</useDomainConstraints>
<use>1</use>
<logicalDatatype>LOGDT019</logicalDatatype>
<dataTypePrecision>5</dataTypePrecision>
<ownDataTypeParameters>,5,</ownDataTypeParameters>
<autoIncrementCycle>false</autoIncrementCycle>
</Column>
<Column name="ds_complemento" id="DA12A983-E846-5C92-80E2-B221D4C35FFF">
<createdBy>logonpf</createdBy>
<createdTime>2017-04-24 14:10:32 UTC</createdTime>
<generatorID>364DAEA0-4AA7-9A82-191A-1D376EBC9C62</generatorID>
<ownerDesignName>AULA11 - EXERC01 - PROJETOS</ownerDesignName>
<nullsAllowed>true</nullsAllowed>
<useDomainConstraints>false</useDomainConstraints>
<use>1</use>
<logicalDatatype>LOGDT024</logicalDatatype>
<dataTypeSize>20</dataTypeSize>
<ownDataTypeParameters>20,,</ownDataTypeParameters>
<autoIncrementCycle>false</autoIncrementCycle>
</Column>
</columns>
<indexes itemClass="oracle.dbtools.crest.model.design.relational.Index">
<ind_PK_UK id="76F4AE0A-7FE4-4D17-15E8-E75193BF5044" name="PK_SIP_FUNC_ENDE">
<createdBy>logonpf</createdBy>
<createdTime>2017-04-24 14:10:32 UTC</createdTime>
<generatorID>06A25591-AB61-69E6-D02E-FAA9EBF31DED</generatorID>
<ownerDesignName>AULA11 - EXERC01 - PROJETOS</ownerDesignName>
<pk>true</pk>
<indexState>Primary Constraint</indexState>
<isSurrogateKey>false</isSurrogateKey>
<indexColumnUsage>
<colUsage columnID="A7466477-D80A-E7F6-CB1E-701CAE7A43B8"/>
<colUsage columnID="FA6E6E71-FFF5-DDDE-93C8-A5BD0CB9E56A"/>
</indexColumnUsage>
</ind_PK_UK>
<ind_PK_UK id="9980939F-998A-2BC8-0D05-2EDF81965EBA" name="FK_SIP_FUNC_ENDE_ENDE">
<createdBy>logonpf</createdBy>
<createdTime>2017-04-24 14:10:32 UTC</createdTime>
<generatorID>83F8592B-ECFE-63B7-49E7-3BBBB49C5B86</generatorID>
<ownerDesignName>AULA11 - EXERC01 - PROJETOS</ownerDesignName>
<indexState>Foreign Key</indexState>
<isSurrogateKey>false</isSurrogateKey>
<indexColumnUsage>
<colUsage columnID="A7466477-D80A-E7F6-CB1E-701CAE7A43B8"/>
</indexColumnUsage>
</ind_PK_UK>
<ind_PK_UK id="32B5039E-AE1B-0C17-C8AB-BE958ED8626D" name="FK_SIP_FUNC_ENDE_FUNC">
<createdBy>logonpf</createdBy>
<createdTime>2017-04-24 14:10:32 UTC</createdTime>
<generatorID>4B4F7034-5C13-AD3A-83AC-52EE87E4FD06</generatorID>
<ownerDesignName>AULA11 - EXERC01 - PROJETOS</ownerDesignName>
<indexState>Foreign Key</indexState>
<isSurrogateKey>false</isSurrogateKey>
<indexColumnUsage>
<colUsage columnID="FA6E6E71-FFF5-DDDE-93C8-A5BD0CB9E56A"/>
</indexColumnUsage>
</ind_PK_UK>
</indexes>
<tableCheckConstraints itemClass="oracle.dbtools.crest.model.design.constraint.TableLevelConstraint">
<tableCheckConstraint name="T_SIP_FUNC_ENDE_CK_1" directorySegmentName="seg_0" id="F7337908-B090-25D6-3546-266A7F7788E4">
<createdBy>logonpf</createdBy>
<createdTime>2017-04-24 14:29:39 UTC</createdTime>
<ownerDesignName>AULA11 - EXERC01 - PROJETOS</ownerDesignName>
<rule>V&gt;0</rule>
</tableCheckConstraint>
</tableCheckConstraints>
</Table>