<?xml version = '1.0' encoding = 'UTF-8'?>
<Table class="oracle.dbtools.crest.model.design.relational.Table" directorySegmentName="seg_0" id="4951A457-08FC-EF50-4173-24330CF8E91F" name="T_SIP_CIDADE">
<createdBy>logonpf</createdBy>
<createdTime>2017-04-24 14:10:32 UTC</createdTime>
<generatorID>AF787E04-107F-1A93-0E8A-D879EC34D880</generatorID>
<ownerDesignName>AULA11 - EXERC01 - PROJETOS</ownerDesignName>
<allowColumnReorder>false</allowColumnReorder>
<existDependencyGenerateInDDl>true</existDependencyGenerateInDDl>
<parsed>true</parsed>
<columns itemClass="oracle.dbtools.crest.model.design.relational.Column">
<Column name="cd_cidade" id="5742D016-DFD7-E757-23D8-CBC102B8A5F7">
<createdBy>logonpf</createdBy>
<createdTime>2017-04-24 14:10:32 UTC</createdTime>
<generatorID>060518A2-E4AA-D414-376F-D63A90B79035</generatorID>
<ownerDesignName>AULA11 - EXERC01 - PROJETOS</ownerDesignName>
<useDomainConstraints>false</useDomainConstraints>
<use>1</use>
<logicalDatatype>LOGDT019</logicalDatatype>
<dataTypePrecision>5</dataTypePrecision>
<ownDataTypeParameters>,5,</ownDataTypeParameters>
<autoIncrementCycle>false</autoIncrementCycle>
</Column>
<Column name="cd_estado" id="7FC89C87-803C-492B-C169-39E1D0AD9312">
<createdBy>logonpf</createdBy>
<createdTime>2017-04-24 14:10:32 UTC</createdTime>
<generatorID>9866A14B-9599-77B9-E47B-292973211356</generatorID>
<ownerDesignName>AULA11 - EXERC01 - PROJETOS</ownerDesignName>
<useDomainConstraints>false</useDomainConstraints>
<use>1</use>
<logicalDatatype>LOGDT019</logicalDatatype>
<dataTypePrecision>2</dataTypePrecision>
<ownDataTypeParameters>,,</ownDataTypeParameters>
<previousColumn>false</previousColumn>
<autoIncrementCycle>false</autoIncrementCycle>
<associations>
<colAssociation fkAssociation="E6DF912B-E694-026E-639D-6F83AC4D228F" referredColumn="6FDB5F57-39F2-B893-021B-92372CEAE435"/>
</associations>
</Column>
<Column name="nm_cidade" id="44F6549B-FE86-F938-1F03-69E68E8A15AA">
<createdBy>logonpf</createdBy>
<createdTime>2017-04-24 14:10:32 UTC</createdTime>
<generatorID>75084626-46DE-B777-91C5-923037E09A2B</generatorID>
<ownerDesignName>AULA11 - EXERC01 - PROJETOS</ownerDesignName>
<useDomainConstraints>false</useDomainConstraints>
<use>1</use>
<logicalDatatype>LOGDT024</logicalDatatype>
<dataTypeSize>30</dataTypeSize>
<ownDataTypeParameters>30,,</ownDataTypeParameters>
<autoIncrementCycle>false</autoIncrementCycle>
</Column>
</columns>
<indexes itemClass="oracle.dbtools.crest.model.design.relational.Index">
<ind_PK_UK id="EC3973C4-5D17-9BA1-7286-DBA75046AB45" name="PK_SIP_CIDADE">
<createdBy>logonpf</createdBy>
<createdTime>2017-04-24 14:10:32 UTC</createdTime>
<generatorID>AF403C8A-6206-F2AB-F81B-6FB0D722975A</generatorID>
<ownerDesignName>AULA11 - EXERC01 - PROJETOS</ownerDesignName>
<pk>true</pk>
<indexState>Primary Constraint</indexState>
<isSurrogateKey>false</isSurrogateKey>
<indexColumnUsage>
<colUsage columnID="5742D016-DFD7-E757-23D8-CBC102B8A5F7"/>
</indexColumnUsage>
</ind_PK_UK>
<ind_PK_UK id="E6537D07-A900-87E2-A614-E4188B11559F" name="FK_SIP_CIDADE_ESTADO">
<createdBy>logonpf</createdBy>
<createdTime>2017-04-24 14:10:32 UTC</createdTime>
<generatorID>C8CD68AD-94FB-5F54-A72E-EA09485F25D2</generatorID>
<ownerDesignName>AULA11 - EXERC01 - PROJETOS</ownerDesignName>
<indexState>Foreign Key</indexState>
<isSurrogateKey>false</isSurrogateKey>
<indexColumnUsage>
<colUsage columnID="7FC89C87-803C-492B-C169-39E1D0AD9312"/>
</indexColumnUsage>
</ind_PK_UK>
</indexes>
</Table>