<?xml version = '1.0' encoding = 'UTF-8'?>
<Table class="oracle.dbtools.crest.model.design.relational.Table" directorySegmentName="seg_0" id="80D7DFD0-1410-A062-8682-F1AD351CFB70" name="T_SIP_PROJETO">
<createdBy>logonpf</createdBy>
<createdTime>2017-04-24 14:10:32 UTC</createdTime>
<generatorID>A92F77F0-3A16-47E0-3E07-EB200DF006FF</generatorID>
<ownerDesignName>AULA11 - EXERC01 - PROJETOS</ownerDesignName>
<allowColumnReorder>false</allowColumnReorder>
<existDependencyGenerateInDDl>true</existDependencyGenerateInDDl>
<parsed>true</parsed>
<columns itemClass="oracle.dbtools.crest.model.design.relational.Column">
<Column name="cd_projeto" id="D6830C3E-0293-6638-E103-06BFDEB457A5">
<createdBy>logonpf</createdBy>
<createdTime>2017-04-24 14:10:32 UTC</createdTime>
<generatorID>14A425BC-F297-0268-90D8-C6120DE37D4E</generatorID>
<ownerDesignName>AULA11 - EXERC01 - PROJETOS</ownerDesignName>
<useDomainConstraints>false</useDomainConstraints>
<use>1</use>
<logicalDatatype>LOGDT019</logicalDatatype>
<dataTypePrecision>5</dataTypePrecision>
<ownDataTypeParameters>,5,</ownDataTypeParameters>
<autoIncrementCycle>false</autoIncrementCycle>
</Column>
<Column name="nm_projeto" id="8BB971BC-4865-48DF-274B-96925DC44CF4">
<createdBy>logonpf</createdBy>
<createdTime>2017-04-24 14:10:32 UTC</createdTime>
<generatorID>136589DD-4DF6-2917-01FD-A04209E7B3BC</generatorID>
<ownerDesignName>AULA11 - EXERC01 - PROJETOS</ownerDesignName>
<useDomainConstraints>false</useDomainConstraints>
<use>1</use>
<logicalDatatype>LOGDT024</logicalDatatype>
<dataTypeSize>40</dataTypeSize>
<ownDataTypeParameters>40,,</ownDataTypeParameters>
<autoIncrementCycle>false</autoIncrementCycle>
</Column>
<Column name="dt_inicio" id="DEC11521-FD68-842B-390E-A7469608CCB9">
<createdBy>logonpf</createdBy>
<createdTime>2017-04-24 14:10:32 UTC</createdTime>
<generatorID>66F7F00C-4A73-E2D8-C107-8E9F00F560DE</generatorID>
<ownerDesignName>AULA11 - EXERC01 - PROJETOS</ownerDesignName>
<useDomainConstraints>false</useDomainConstraints>
<use>1</use>
<logicalDatatype>LOGDT007</logicalDatatype>
<ownDataTypeParameters>,,</ownDataTypeParameters>
<autoIncrementCycle>false</autoIncrementCycle>
</Column>
<Column name="dt_termino" id="D850507B-5015-6B07-B282-781B2CCA4411">
<createdBy>logonpf</createdBy>
<createdTime>2017-04-24 14:10:32 UTC</createdTime>
<generatorID>15220BF4-1002-E901-C79C-B39B9C72FB1F</generatorID>
<ownerDesignName>AULA11 - EXERC01 - PROJETOS</ownerDesignName>
<nullsAllowed>true</nullsAllowed>
<useDomainConstraints>false</useDomainConstraints>
<use>1</use>
<logicalDatatype>LOGDT007</logicalDatatype>
<ownDataTypeParameters>,,</ownDataTypeParameters>
<autoIncrementCycle>false</autoIncrementCycle>
</Column>
</columns>
<indexes itemClass="oracle.dbtools.crest.model.design.relational.Index">
<ind_PK_UK id="2B3325DD-431A-91FD-B67E-EBCA1162DC8C" name="PK_SIP_PROJETO">
<createdBy>logonpf</createdBy>
<createdTime>2017-04-24 14:10:32 UTC</createdTime>
<generatorID>EC4909CD-669F-DCF9-E7C8-21C3867C6F48</generatorID>
<ownerDesignName>AULA11 - EXERC01 - PROJETOS</ownerDesignName>
<pk>true</pk>
<indexState>Primary Constraint</indexState>
<isSurrogateKey>false</isSurrogateKey>
<indexColumnUsage>
<colUsage columnID="D6830C3E-0293-6638-E103-06BFDEB457A5"/>
</indexColumnUsage>
</ind_PK_UK>
<ind_PK_UK id="5E016E07-4BEB-CE31-E382-09DE70B1CD6A" name="UN_SIP_PROJETO_NOME">
<createdBy>logonpf</createdBy>
<createdTime>2017-05-08 11:08:57 UTC</createdTime>
<ownerDesignName>AULA11 - EXERC01 - PROJETOS</ownerDesignName>
<indexState>Unique Constraint</indexState>
<isSurrogateKey>false</isSurrogateKey>
<indexColumnUsage>
<colUsage columnID="8BB971BC-4865-48DF-274B-96925DC44CF4"/>
</indexColumnUsage>
</ind_PK_UK>
</indexes>
<tableCheckConstraints itemClass="oracle.dbtools.crest.model.design.constraint.TableLevelConstraint">
<tableCheckConstraint name="CK_SIP_PROJETO_DATA" directorySegmentName="seg_0" id="F61F518E-80E1-02AF-DECD-A2F2677F9E87">
<createdBy>logonpf</createdBy>
<createdTime>2017-05-08 11:13:50 UTC</createdTime>
<ownerDesignName>AULA11 - EXERC01 - PROJETOS</ownerDesignName>
<rule>DT_TERMINO &gt; DT_INICIO</rule>
</tableCheckConstraint>
</tableCheckConstraints>
</Table>