<?xml version = '1.0' encoding = 'UTF-8'?>
<Table class="oracle.dbtools.crest.model.design.relational.Table" directorySegmentName="seg_0" id="ACDE5666-4BC3-81E3-5C6D-FB6D81622DB8" name="T_SIP_TIPO_LOG">
<createdBy>logonpf</createdBy>
<createdTime>2017-04-24 14:10:32 UTC</createdTime>
<generatorID>8906B641-5F0C-25AB-2630-D19A4C98DB35</generatorID>
<ownerDesignName>AULA11 - EXERC01 - PROJETOS</ownerDesignName>
<allowColumnReorder>false</allowColumnReorder>
<existDependencyGenerateInDDl>true</existDependencyGenerateInDDl>
<parsed>true</parsed>
<columns itemClass="oracle.dbtools.crest.model.design.relational.Column">
<Column name="cd_tipo_log" id="41DAF97B-44E7-6BCB-9BAA-C6B58378DCC5">
<createdBy>logonpf</createdBy>
<createdTime>2017-04-24 14:10:32 UTC</createdTime>
<generatorID>FE9B4550-B887-21A7-F4BA-4F8E7526DBA5</generatorID>
<ownerDesignName>AULA11 - EXERC01 - PROJETOS</ownerDesignName>
<useDomainConstraints>false</useDomainConstraints>
<use>1</use>
<logicalDatatype>LOGDT019</logicalDatatype>
<dataTypePrecision>2</dataTypePrecision>
<ownDataTypeParameters>,2,</ownDataTypeParameters>
<autoIncrementCycle>false</autoIncrementCycle>
</Column>
<Column name="ds_tipo_log" id="3BC694A2-94A4-43C1-F808-BEC68B3E9DE9">
<createdBy>logonpf</createdBy>
<createdTime>2017-04-24 14:10:32 UTC</createdTime>
<generatorID>3B8828DE-B856-E5DD-D4A9-B305D83D8622</generatorID>
<ownerDesignName>AULA11 - EXERC01 - PROJETOS</ownerDesignName>
<useDomainConstraints>false</useDomainConstraints>
<use>1</use>
<logicalDatatype>LOGDT024</logicalDatatype>
<dataTypeSize>20</dataTypeSize>
<ownDataTypeParameters>20,,</ownDataTypeParameters>
<autoIncrementCycle>false</autoIncrementCycle>
</Column>
</columns>
<indexes itemClass="oracle.dbtools.crest.model.design.relational.Index">
<ind_PK_UK id="0B52A212-1578-852D-6E27-AF09531A1105" name="PK_SIP_TIPO_LOG">
<createdBy>logonpf</createdBy>
<createdTime>2017-04-24 14:10:32 UTC</createdTime>
<generatorID>648EFD1E-9D55-56AC-E09D-1D1477F19637</generatorID>
<ownerDesignName>AULA11 - EXERC01 - PROJETOS</ownerDesignName>
<pk>true</pk>
<indexState>Primary Constraint</indexState>
<isSurrogateKey>false</isSurrogateKey>
<indexColumnUsage>
<colUsage columnID="41DAF97B-44E7-6BCB-9BAA-C6B58378DCC5"/>
</indexColumnUsage>
</ind_PK_UK>
</indexes>
</Table>