<?xml version = '1.0' encoding = 'UTF-8'?>
<Table class="oracle.dbtools.crest.model.design.relational.Table" directorySegmentName="seg_0" id="B317BA1B-4208-013E-9419-C24E6B48E136" name="T_SIP_ENDERECO">
<createdBy>logonpf</createdBy>
<createdTime>2017-04-24 14:10:32 UTC</createdTime>
<generatorID>810D356B-B651-3E9E-D77B-9A0F746EE8A3</generatorID>
<ownerDesignName>AULA11 - EXERC01 - PROJETOS</ownerDesignName>
<allowColumnReorder>false</allowColumnReorder>
<existDependencyGenerateInDDl>true</existDependencyGenerateInDDl>
<parsed>true</parsed>
<columns itemClass="oracle.dbtools.crest.model.design.relational.Column">
<Column name="nr_cep" id="188726B7-8EB5-7275-DBE5-D52C41677969">
<createdBy>logonpf</createdBy>
<createdTime>2017-04-24 14:10:32 UTC</createdTime>
<generatorID>CFC174D7-6716-8CC7-CFCD-B434B7122631</generatorID>
<ownerDesignName>AULA11 - EXERC01 - PROJETOS</ownerDesignName>
<useDomainConstraints>false</useDomainConstraints>
<use>1</use>
<logicalDatatype>LOGDT019</logicalDatatype>
<dataTypePrecision>8</dataTypePrecision>
<ownDataTypeParameters>,8,</ownDataTypeParameters>
<autoIncrementCycle>false</autoIncrementCycle>
</Column>
<Column name="cd_bairro" id="F19535DB-51EF-00D0-A759-A06F26EBF1FD">
<createdBy>logonpf</createdBy>
<createdTime>2017-04-24 14:10:32 UTC</createdTime>
<generatorID>458053F3-0D65-7E3E-1FE3-46D2A3663782</generatorID>
<ownerDesignName>AULA11 - EXERC01 - PROJETOS</ownerDesignName>
<useDomainConstraints>false</useDomainConstraints>
<use>1</use>
<logicalDatatype>LOGDT019</logicalDatatype>
<dataTypePrecision>5</dataTypePrecision>
<ownDataTypeParameters>,,</ownDataTypeParameters>
<previousColumn>false</previousColumn>
<autoIncrementCycle>false</autoIncrementCycle>
<associations>
<colAssociation fkAssociation="627C37EE-C128-21DB-4C73-55A161494348" referredColumn="5958F59C-6975-E4A0-338B-50D9BB3570F8"/>
</associations>
</Column>
<Column name="cd_tipo_log" id="B172E6D2-6036-11D9-8E36-D60F6C1E656D">
<createdBy>logonpf</createdBy>
<createdTime>2017-04-24 14:10:32 UTC</createdTime>
<generatorID>3E42ED6B-E2B8-F430-1E3C-4D98EE8EB9D0</generatorID>
<ownerDesignName>AULA11 - EXERC01 - PROJETOS</ownerDesignName>
<useDomainConstraints>false</useDomainConstraints>
<use>1</use>
<logicalDatatype>LOGDT019</logicalDatatype>
<dataTypePrecision>2</dataTypePrecision>
<ownDataTypeParameters>,,</ownDataTypeParameters>
<previousColumn>false</previousColumn>
<autoIncrementCycle>false</autoIncrementCycle>
<associations>
<colAssociation fkAssociation="10B3B6F9-288D-E456-B7E6-5ABAE42E5571" referredColumn="41DAF97B-44E7-6BCB-9BAA-C6B58378DCC5"/>
</associations>
</Column>
<Column name="ds_endereco" id="4646C933-97EF-371C-8F88-298736EFC3D7">
<createdBy>logonpf</createdBy>
<createdTime>2017-04-24 14:10:32 UTC</createdTime>
<generatorID>57228035-242F-33B1-2FAD-9ABB7A417F99</generatorID>
<ownerDesignName>AULA11 - EXERC01 - PROJETOS</ownerDesignName>
<useDomainConstraints>false</useDomainConstraints>
<use>1</use>
<logicalDatatype>LOGDT024</logicalDatatype>
<dataTypeSize>50</dataTypeSize>
<ownDataTypeParameters>50,,</ownDataTypeParameters>
<autoIncrementCycle>false</autoIncrementCycle>
</Column>
</columns>
<indexes itemClass="oracle.dbtools.crest.model.design.relational.Index">
<ind_PK_UK id="A388B451-78BC-3DFD-5E67-658B0ABFAA7F" name="PK_SIP_ENDERECO">
<createdBy>logonpf</createdBy>
<createdTime>2017-04-24 14:10:32 UTC</createdTime>
<generatorID>C552E395-0141-6DC8-73B5-7EC3CF36CF79</generatorID>
<ownerDesignName>AULA11 - EXERC01 - PROJETOS</ownerDesignName>
<pk>true</pk>
<indexState>Primary Constraint</indexState>
<isSurrogateKey>false</isSurrogateKey>
<indexColumnUsage>
<colUsage columnID="188726B7-8EB5-7275-DBE5-D52C41677969"/>
</indexColumnUsage>
</ind_PK_UK>
<ind_PK_UK id="25C96FAA-DD0A-FC32-355B-5749CCB90544" name="FK_SIP_ENDE_TIPO_LOG">
<createdBy>logonpf</createdBy>
<createdTime>2017-04-24 14:10:32 UTC</createdTime>
<generatorID>7263A996-FF16-E519-09DF-809EFDA364AA</generatorID>
<ownerDesignName>AULA11 - EXERC01 - PROJETOS</ownerDesignName>
<indexState>Foreign Key</indexState>
<isSurrogateKey>false</isSurrogateKey>
<indexColumnUsage>
<colUsage columnID="B172E6D2-6036-11D9-8E36-D60F6C1E656D"/>
</indexColumnUsage>
</ind_PK_UK>
<ind_PK_UK id="AF43A7D3-737B-15AC-6264-3BAD6E8E913B" name="FK_SIP_ENDE_BAIRRO">
<createdBy>logonpf</createdBy>
<createdTime>2017-04-24 14:10:32 UTC</createdTime>
<generatorID>E95C31AD-E048-07FA-328B-B4D31B7227CB</generatorID>
<ownerDesignName>AULA11 - EXERC01 - PROJETOS</ownerDesignName>
<indexState>Foreign Key</indexState>
<isSurrogateKey>false</isSurrogateKey>
<indexColumnUsage>
<colUsage columnID="F19535DB-51EF-00D0-A759-A06F26EBF1FD"/>
</indexColumnUsage>
</ind_PK_UK>
</indexes>
</Table>