<?xml version = '1.0' encoding = 'UTF-8'?>
<Table class="oracle.dbtools.crest.model.design.relational.Table" directorySegmentName="seg_0" id="CE4F8BD0-F455-F915-792B-C810782C834A" name="T_SIP_IMPLANTACAO">
<createdBy>logonpf</createdBy>
<createdTime>2017-04-24 14:10:32 UTC</createdTime>
<generatorID>5DECBF07-20B8-665B-A3D6-912A8D7D4821</generatorID>
<ownerDesignName>AULA11 - EXERC01 - PROJETOS</ownerDesignName>
<allowColumnReorder>false</allowColumnReorder>
<existDependencyGenerateInDDl>true</existDependencyGenerateInDDl>
<parsed>true</parsed>
<columns itemClass="oracle.dbtools.crest.model.design.relational.Column">
<Column name="cd_implantacao" id="615337C7-D5E1-8B18-072B-043E2F9F5DAE">
<createdBy>logonpf</createdBy>
<createdTime>2017-04-24 14:10:32 UTC</createdTime>
<generatorID>B3B2BC83-3769-56D0-83C8-F1C4A1D58D96</generatorID>
<ownerDesignName>AULA11 - EXERC01 - PROJETOS</ownerDesignName>
<useDomainConstraints>false</useDomainConstraints>
<use>1</use>
<logicalDatatype>LOGDT019</logicalDatatype>
<dataTypePrecision>6</dataTypePrecision>
<ownDataTypeParameters>,6,</ownDataTypeParameters>
<autoIncrementCycle>false</autoIncrementCycle>
</Column>
<Column name="nr_matricula" id="1FCED5EB-2D8E-DC49-AB7D-F37291EC11B1">
<createdBy>logonpf</createdBy>
<createdTime>2017-04-24 14:10:32 UTC</createdTime>
<generatorID>EA33D7BB-F0DD-FAF7-F848-ED6D2511D410</generatorID>
<ownerDesignName>AULA11 - EXERC01 - PROJETOS</ownerDesignName>
<useDomainConstraints>false</useDomainConstraints>
<use>1</use>
<logicalDatatype>LOGDT019</logicalDatatype>
<dataTypePrecision>5</dataTypePrecision>
<ownDataTypeParameters>,,</ownDataTypeParameters>
<previousColumn>false</previousColumn>
<autoIncrementCycle>false</autoIncrementCycle>
<associations>
<colAssociation fkAssociation="D59831AD-F3EC-41EE-527E-090B2FB37DB6" referredColumn="F480997D-E2A4-1377-4764-88C94E5A3E65"/>
</associations>
</Column>
<Column name="cd_projeto" id="1B53B9C4-CA34-5D95-E697-94125CBF36AD">
<createdBy>logonpf</createdBy>
<createdTime>2017-04-24 14:10:32 UTC</createdTime>
<generatorID>11D801D7-3AA6-7F4B-7865-F45547AE85AF</generatorID>
<ownerDesignName>AULA11 - EXERC01 - PROJETOS</ownerDesignName>
<useDomainConstraints>false</useDomainConstraints>
<use>1</use>
<logicalDatatype>LOGDT019</logicalDatatype>
<dataTypePrecision>5</dataTypePrecision>
<ownDataTypeParameters>,,</ownDataTypeParameters>
<previousColumn>false</previousColumn>
<autoIncrementCycle>false</autoIncrementCycle>
<associations>
<colAssociation fkAssociation="B9AD9522-0CF4-90C7-1FF6-91AA08E67274" referredColumn="D6830C3E-0293-6638-E103-06BFDEB457A5"/>
</associations>
</Column>
<Column name="dt_entrada" id="33418042-2152-46FE-0B0C-FF1D4997EFCC">
<createdBy>logonpf</createdBy>
<createdTime>2017-04-24 14:10:32 UTC</createdTime>
<generatorID>2C0A19AE-70D6-B8EE-DD6F-B41B6A9205D7</generatorID>
<ownerDesignName>AULA11 - EXERC01 - PROJETOS</ownerDesignName>
<useDomainConstraints>false</useDomainConstraints>
<use>1</use>
<logicalDatatype>LOGDT007</logicalDatatype>
<ownDataTypeParameters>,,</ownDataTypeParameters>
<autoIncrementCycle>false</autoIncrementCycle>
</Column>
<Column name="dt_saida" id="93C355F9-6F2C-ADCF-19AF-18A11150A296">
<createdBy>logonpf</createdBy>
<createdTime>2017-04-24 14:10:32 UTC</createdTime>
<generatorID>7B9739E7-E9E2-22F3-6F1F-E2A4C957FA68</generatorID>
<ownerDesignName>AULA11 - EXERC01 - PROJETOS</ownerDesignName>
<nullsAllowed>true</nullsAllowed>
<useDomainConstraints>false</useDomainConstraints>
<use>1</use>
<logicalDatatype>LOGDT007</logicalDatatype>
<ownDataTypeParameters>,,</ownDataTypeParameters>
<autoIncrementCycle>false</autoIncrementCycle>
</Column>
</columns>
<indexes itemClass="oracle.dbtools.crest.model.design.relational.Index">
<ind_PK_UK id="4F3567E0-2592-AD54-3652-AA3FB98A0D13" name="PK_SIP_IMPLANTACAO">
<createdBy>logonpf</createdBy>
<createdTime>2017-04-24 14:10:32 UTC</createdTime>
<generatorID>EB3123A4-95EA-5D52-A188-247707480A58</generatorID>
<ownerDesignName>AULA11 - EXERC01 - PROJETOS</ownerDesignName>
<pk>true</pk>
<indexState>Primary Constraint</indexState>
<isSurrogateKey>false</isSurrogateKey>
<indexColumnUsage>
<colUsage columnID="615337C7-D5E1-8B18-072B-043E2F9F5DAE"/>
</indexColumnUsage>
</ind_PK_UK>
<ind_PK_UK id="304B1472-458A-F082-0CB5-47320E4FF88E" name="FK_SIP_IMPLANT_PROJETO">
<createdBy>logonpf</createdBy>
<createdTime>2017-04-24 14:10:32 UTC</createdTime>
<generatorID>D10763CE-56EA-6640-CD41-6262069F03BC</generatorID>
<ownerDesignName>AULA11 - EXERC01 - PROJETOS</ownerDesignName>
<indexState>Foreign Key</indexState>
<isSurrogateKey>false</isSurrogateKey>
<indexColumnUsage>
<colUsage columnID="1B53B9C4-CA34-5D95-E697-94125CBF36AD"/>
</indexColumnUsage>
</ind_PK_UK>
<ind_PK_UK id="E5F7E0AA-F081-CDBB-E591-1CABE3233C32" name="FK_SIP_IMPLANT_FUNC">
<createdBy>logonpf</createdBy>
<createdTime>2017-04-24 14:10:32 UTC</createdTime>
<generatorID>D609B988-5534-8DB2-0F85-B342C0878B86</generatorID>
<ownerDesignName>AULA11 - EXERC01 - PROJETOS</ownerDesignName>
<indexState>Foreign Key</indexState>
<isSurrogateKey>false</isSurrogateKey>
<indexColumnUsage>
<colUsage columnID="1FCED5EB-2D8E-DC49-AB7D-F37291EC11B1"/>
</indexColumnUsage>
</ind_PK_UK>
</indexes>
<tableCheckConstraints itemClass="oracle.dbtools.crest.model.design.constraint.TableLevelConstraint">
<tableCheckConstraint name="CK_SIP_IMPLANT_DATA" directorySegmentName="seg_0" id="8DF50851-139A-0748-667E-F8CED45BC054">
<createdBy>logonpf</createdBy>
<createdTime>2017-05-08 11:15:10 UTC</createdTime>
<ownerDesignName>AULA11 - EXERC01 - PROJETOS</ownerDesignName>
<rule>DT_SAIDA &gt; DT_ENTRADA</rule>
</tableCheckConstraint>
</tableCheckConstraints>
</Table>