<?xml version = '1.0' encoding = 'UTF-8'?>
<Table class="oracle.dbtools.crest.model.design.relational.Table" directorySegmentName="seg_0" id="D443FA00-03F0-F066-21C8-24AB5938A19A" name="T_SIP_DEPARTAMENTO">
<createdBy>logonpf</createdBy>
<createdTime>2017-04-24 14:10:32 UTC</createdTime>
<generatorID>AE2BFBFB-CC4E-2A5C-D198-21A39B4FB4BF</generatorID>
<ownerDesignName>AULA11 - EXERC01 - PROJETOS</ownerDesignName>
<allowColumnReorder>false</allowColumnReorder>
<existDependencyGenerateInDDl>true</existDependencyGenerateInDDl>
<parsed>true</parsed>
<columns itemClass="oracle.dbtools.crest.model.design.relational.Column">
<Column name="cd_depto" id="945FB2F1-06B4-6FE9-8215-F5BAD7C72CBA">
<createdBy>logonpf</createdBy>
<createdTime>2017-04-24 14:10:32 UTC</createdTime>
<generatorID>37E0EA09-60BE-A550-02C2-0C190E2E5A16</generatorID>
<ownerDesignName>AULA11 - EXERC01 - PROJETOS</ownerDesignName>
<useDomainConstraints>false</useDomainConstraints>
<use>1</use>
<logicalDatatype>LOGDT019</logicalDatatype>
<dataTypePrecision>2</dataTypePrecision>
<ownDataTypeParameters>,2,</ownDataTypeParameters>
<autoIncrementCycle>false</autoIncrementCycle>
</Column>
<Column name="nm_depto" id="6A7A8695-9534-8C59-48E9-0A9F8C24263B">
<createdBy>logonpf</createdBy>
<createdTime>2017-04-24 14:10:32 UTC</createdTime>
<generatorID>8410E21B-F778-CCF0-8266-285A677C0C12</generatorID>
<ownerDesignName>AULA11 - EXERC01 - PROJETOS</ownerDesignName>
<useDomainConstraints>false</useDomainConstraints>
<use>1</use>
<logicalDatatype>LOGDT024</logicalDatatype>
<dataTypeSize>30</dataTypeSize>
<ownDataTypeParameters>30,,</ownDataTypeParameters>
<autoIncrementCycle>false</autoIncrementCycle>
</Column>
</columns>
<indexes itemClass="oracle.dbtools.crest.model.design.relational.Index">
<ind_PK_UK id="AE0DC384-1DD0-4DBA-529A-6F552FE29686" name="PK_SIP_DEPARTAMENTO">
<createdBy>logonpf</createdBy>
<createdTime>2017-04-24 14:10:32 UTC</createdTime>
<generatorID>6E78BF22-2FC5-E025-94E4-55498C834F13</generatorID>
<ownerDesignName>AULA11 - EXERC01 - PROJETOS</ownerDesignName>
<pk>true</pk>
<indexState>Primary Constraint</indexState>
<isSurrogateKey>false</isSurrogateKey>
<indexColumnUsage>
<colUsage columnID="945FB2F1-06B4-6FE9-8215-F5BAD7C72CBA"/>
</indexColumnUsage>
</ind_PK_UK>
<ind_PK_UK id="0EC48E12-6EAE-F46F-984A-AE9E08FCEAA0" name="UN_SIP_DEPTO_NOME">
<createdBy>logonpf</createdBy>
<createdTime>2017-05-08 11:07:29 UTC</createdTime>
<ownerDesignName>AULA11 - EXERC01 - PROJETOS</ownerDesignName>
<indexState>Unique Constraint</indexState>
<isSurrogateKey>false</isSurrogateKey>
<indexColumnUsage>
<colUsage columnID="6A7A8695-9534-8C59-48E9-0A9F8C24263B"/>
</indexColumnUsage>
</ind_PK_UK>
</indexes>
</Table>