<?xml version = '1.0' encoding = 'UTF-8'?>
<Relation class="oracle.dbtools.crest.model.design.logical.Relation" name="Relation_5" directorySegmentName="seg_0" id="3BE9982E-5942-A3DA-51EE-61D2DF0E2925">
<createdBy>logonpf</createdBy>
<createdTime>2017-05-15 12:27:00 UTC</createdTime>
<ownerDesignName>AULA13_EX1_SPV_NOTA_FISCAL</ownerDesignName>
<engineerTo>
<item key="F1A3C88F-F911-EA9B-DEA8-5D4D5ACD2E70" value="true"/>
</engineerTo>
<sourcePk>54BEA0BC-5FAC-F3AC-AA65-48B34AB3A8CA</sourcePk>
<identifying>true</identifying>
<optionalSource>true</optionalSource>
<optionalTarget>false</optionalTarget>
<sourceCardinality>1</sourceCardinality>
<sourceEntity>058EE57A-CC60-EC21-A4E4-A159B09916B8</sourceEntity>
<targetCardinalityString>*</targetCardinalityString>
<targetEntity>5744FD26-E670-AF3C-4478-181981BA847D</targetEntity>
<transferable>true</transferable>
<deleteRule>NO ACTION</deleteRule>
</Relation>