<?xml version = '1.0' encoding = 'UTF-8'?>
<Relation class="oracle.dbtools.crest.model.design.logical.Relation" name="REALIZAR" directorySegmentName="seg_0" id="8A7BE1EC-8F29-BD0D-61C4-D2A90737A9EB">
<createdBy>logonpf</createdBy>
<createdTime>2017-04-03 11:09:33 UTC</createdTime>
<ownerDesignName>AULA13_EX1_SPV_NOTA_FISCAL</ownerDesignName>
<engineerTo>
<item key="F1A3C88F-F911-EA9B-DEA8-5D4D5ACD2E70" value="true"/>
</engineerTo>
<sourcePk>E7FB23E0-38EC-EBE2-6365-9E639B8833A5</sourcePk>
<identifying>false</identifying>
<optionalSource>true</optionalSource>
<optionalTarget>false</optionalTarget>
<sourceCardinality>1</sourceCardinality>
<sourceEntity>692F186D-2A23-21E3-FA1C-8455A1004542</sourceEntity>
<targetCardinalityString>*</targetCardinalityString>
<targetEntity>058EE57A-CC60-EC21-A4E4-A159B09916B8</targetEntity>
<transferable>true</transferable>
<deleteRule>NO ACTION</deleteRule>
</Relation>