<?xml version = '1.0' encoding = 'UTF-8'?>
<Relation class="oracle.dbtools.crest.model.design.logical.Relation" name="nf_tem_item" directorySegmentName="seg_0" id="B904407E-677E-7E7B-3979-7241F290399A">
<createdBy>Rita</createdBy>
<createdTime>2013-03-17 18:16:09 UTC</createdTime>
<generatorID>Gerado pelo usuário</generatorID>
<ownerDesignName>AULA13_EX1_SPV_NOTA_FISCAL</ownerDesignName>
<engineerTo>
<item key="F1A3C88F-F911-EA9B-DEA8-5D4D5ACD2E70" value="true"/>
</engineerTo>
<sourcePk>54BEA0BC-5FAC-F3AC-AA65-48B34AB3A8CA</sourcePk>
<identifying>true</identifying>
<optionalSource>false</optionalSource>
<optionalTarget>false</optionalTarget>
<sourceCardinality>1</sourceCardinality>
<sourceEntity>058EE57A-CC60-EC21-A4E4-A159B09916B8</sourceEntity>
<targetCardinalityString>*</targetCardinalityString>
<targetEntity>5744FD26-E670-AF3C-4478-181981BA847D</targetEntity>
<transferable>true</transferable>
</Relation>