<?xml version = '1.0' encoding = 'UTF-8'?>
<Relation class="oracle.dbtools.crest.model.design.logical.Relation" name="CLASSIFICARv1" directorySegmentName="seg_0" id="DDBDAF29-2D5F-1B3F-37DC-6A3223739030">
<createdBy>logonpf</createdBy>
<createdTime>2017-04-03 11:12:56 UTC</createdTime>
<ownerDesignName>AULA13_EX1_SPV_NOTA_FISCAL</ownerDesignName>
<engineerTo>
<item key="F1A3C88F-F911-EA9B-DEA8-5D4D5ACD2E70" value="true"/>
</engineerTo>
<sourcePk>63488C5E-E45A-6B98-19D0-4121631718AD</sourcePk>
<identifying>false</identifying>
<optionalSource>true</optionalSource>
<optionalTarget>false</optionalTarget>
<sourceCardinality>1</sourceCardinality>
<sourceEntity>4678EB0D-5E08-3027-165B-448262C4B994</sourceEntity>
<targetCardinalityString>*</targetCardinalityString>
<targetEntity>EF430F6E-EE27-6B18-5B4C-3EA0E2E66FDE</targetEntity>
<transferable>true</transferable>
<deleteRule>NO ACTION</deleteRule>
</Relation>