<?xml version = '1.0' encoding = 'UTF-8'?>
<Entity class="oracle.dbtools.crest.model.design.logical.Entity" directorySegmentName="seg_0" id="5744FD26-E670-AF3C-4478-181981BA847D" name="T_SPV_ITEM_NOTA_FISCAL">
<createdBy>Rita</createdBy>
<createdTime>2013-03-17 17:52:49 UTC</createdTime>
<generatorID>Gerado pelo usuário</generatorID>
<ownerDesignName>AULA13_EX1_SPV_NOTA_FISCAL</ownerDesignName>
<engineerTo>
<item key="F1A3C88F-F911-EA9B-DEA8-5D4D5ACD2E70" value="true"/>
</engineerTo>
<adequatelyNormalized>NO</adequatelyNormalized>
<expectedVolumes>0</expectedVolumes>
<fwdEngineeringStrategyName>Single Table</fwdEngineeringStrategyName>
<growthPercent>0</growthPercent>
<growthType>Year</growthType>
<maxVolumes>9999999</maxVolumes>
<minVolumes>0</minVolumes>
<normalForm>Third</normalForm>
<attributes itemClass="oracle.dbtools.crest.model.design.logical.Attribute">
<Attribute name="nr_nota_fiscal" id="6B460ABB-AD99-4347-230F-BDC80B2BDA4D">
<createdBy>Rita</createdBy>
<createdTime>2013-03-17 18:16:09 UTC</createdTime>
<generatorID>B904407E-677E-7E7B-3979-7241F290399A</generatorID>
<ownerDesignName>AULA13_EX1_SPV_NOTA_FISCAL</ownerDesignName>
<engineerTo>
<item key="F1A3C88F-F911-EA9B-DEA8-5D4D5ACD2E70" value="true"/>
</engineerTo>
<referedAttribute>F313BD54-D13C-DA89-299B-C7796F9F60C8</referedAttribute>
<useDomainConstraints>false</useDomainConstraints>
<use>1</use>
<logicalDatatype>LOGDT019</logicalDatatype>
<dataTypePrecision>6</dataTypePrecision>
<dataTypeScale>0</dataTypeScale>
</Attribute>
<Attribute name="cd_item" id="ADAA111E-83C6-CD43-7AE1-5709142B7A28">
<createdBy>Rita</createdBy>
<createdTime>2013-03-17 18:11:38 UTC</createdTime>
<generatorID>Gerado pelo usuário</generatorID>
<ownerDesignName>AULA13_EX1_SPV_NOTA_FISCAL</ownerDesignName>
<engineerTo>
<item key="F1A3C88F-F911-EA9B-DEA8-5D4D5ACD2E70" value="true"/>
</engineerTo>
<useDomainConstraints>false</useDomainConstraints>
<use>1</use>
<logicalDatatype>LOGDT019</logicalDatatype>
<dataTypePrecision>3</dataTypePrecision>
</Attribute>
<Attribute name="cd_produto" id="D9F4EC7F-170C-89A2-3E0C-7A8A80EE68DD">
<createdBy>Rita</createdBy>
<createdTime>2013-03-17 18:15:37 UTC</createdTime>
<generatorID>B82276BA-0CB3-D510-C406-B8B446B4DFA1</generatorID>
<ownerDesignName>AULA13_EX1_SPV_NOTA_FISCAL</ownerDesignName>
<engineerTo>
<item key="F1A3C88F-F911-EA9B-DEA8-5D4D5ACD2E70" value="true"/>
</engineerTo>
<referedAttribute>2D37198D-9FA4-BAE7-4837-EC3CD83317B1</referedAttribute>
<useDomainConstraints>false</useDomainConstraints>
<use>1</use>
<logicalDatatype>LOGDT019</logicalDatatype>
<dataTypePrecision>6</dataTypePrecision>
<dataTypeScale>0</dataTypeScale>
</Attribute>
<Attribute name="qt_vendida" id="DD56A7BD-CB3B-0062-4A06-9D1712D0D8B5">
<createdBy>Rita</createdBy>
<createdTime>2013-03-17 18:11:48 UTC</createdTime>
<generatorID>Gerado pelo usuário</generatorID>
<ownerDesignName>AULA13_EX1_SPV_NOTA_FISCAL</ownerDesignName>
<engineerTo>
<item key="F1A3C88F-F911-EA9B-DEA8-5D4D5ACD2E70" value="true"/>
</engineerTo>
<useDomainConstraints>false</useDomainConstraints>
<use>1</use>
<logicalDatatype>LOGDT019</logicalDatatype>
<dataTypePrecision>3</dataTypePrecision>
<dataTypeScale>0</dataTypeScale>
</Attribute>
<Attribute name="vl_preco_unitario" id="724FF328-BF28-6AE8-2689-47F32EB24E4F">
<createdBy>Rita</createdBy>
<createdTime>2013-03-17 18:11:54 UTC</createdTime>
<generatorID>Gerado pelo usuário</generatorID>
<ownerDesignName>AULA13_EX1_SPV_NOTA_FISCAL</ownerDesignName>
<engineerTo>
<item key="F1A3C88F-F911-EA9B-DEA8-5D4D5ACD2E70" value="true"/>
</engineerTo>
<useDomainConstraints>false</useDomainConstraints>
<use>1</use>
<logicalDatatype>LOGDT019</logicalDatatype>
<dataTypePrecision>6</dataTypePrecision>
<dataTypeScale>2</dataTypeScale>
</Attribute>
</attributes>
<identifiers itemClass="oracle.dbtools.crest.model.design.logical.CandidateKey">
<identifier id="E97BD714-4D55-EE51-A0B3-CFD9771B8203" name="T_SPV_ITEM_NOTA_FISCAL PK">
<createdBy>Rita</createdBy>
<createdTime>2013-03-17 18:12:52 UTC</createdTime>
<generatorID>Gerado pelo usuário</generatorID>
<ownerDesignName>AULA13_EX1_SPV_NOTA_FISCAL</ownerDesignName>
<engineerTo>
<item key="F1A3C88F-F911-EA9B-DEA8-5D4D5ACD2E70" value="true"/>
</engineerTo>
<pk>true</pk>
<usedAttributes>
<attributeRef>6B460ABB-AD99-4347-230F-BDC80B2BDA4D</attributeRef>
<attributeRef>ADAA111E-83C6-CD43-7AE1-5709142B7A28</attributeRef>
</usedAttributes>
</identifier>
</identifiers>
</Entity>