<?xml version = '1.0' encoding = 'UTF-8'?>
<Entity class="oracle.dbtools.crest.model.design.logical.Entity" directorySegmentName="seg_0" id="692F186D-2A23-21E3-FA1C-8455A1004542" name="T_SPV_CLIENTE">
<createdBy>Rita</createdBy>
<createdTime>2013-03-17 17:52:17 UTC</createdTime>
<generatorID>Gerado pelo usuário</generatorID>
<ownerDesignName>AULA13_EX1_SPV_NOTA_FISCAL</ownerDesignName>
<engineerTo>
<item key="F1A3C88F-F911-EA9B-DEA8-5D4D5ACD2E70" value="true"/>
</engineerTo>
<adequatelyNormalized>NO</adequatelyNormalized>
<expectedVolumes>0</expectedVolumes>
<fwdEngineeringStrategyName>Single Table</fwdEngineeringStrategyName>
<growthPercent>0</growthPercent>
<growthType>Year</growthType>
<maxVolumes>9999999</maxVolumes>
<minVolumes>0</minVolumes>
<normalForm>Third</normalForm>
<attributes itemClass="oracle.dbtools.crest.model.design.logical.Attribute">
<Attribute name="cd_cliente" id="6AF03064-7D53-1BC6-08B4-16B19D59A809">
<createdBy>Rita</createdBy>
<createdTime>2013-03-17 17:55:24 UTC</createdTime>
<generatorID>Gerado pelo usuário</generatorID>
<ownerDesignName>AULA13_EX1_SPV_NOTA_FISCAL</ownerDesignName>
<engineerTo>
<item key="F1A3C88F-F911-EA9B-DEA8-5D4D5ACD2E70" value="true"/>
</engineerTo>
<useDomainConstraints>false</useDomainConstraints>
<use>1</use>
<logicalDatatype>LOGDT019</logicalDatatype>
<dataTypePrecision>5</dataTypePrecision>
</Attribute>
<Attribute name="nm_cliente" id="EC637CFD-53BE-12AC-40C6-781E997DBA98">
<createdBy>Rita</createdBy>
<createdTime>2013-03-17 17:55:29 UTC</createdTime>
<generatorID>Gerado pelo usuário</generatorID>
<ownerDesignName>AULA13_EX1_SPV_NOTA_FISCAL</ownerDesignName>
<engineerTo>
<item key="F1A3C88F-F911-EA9B-DEA8-5D4D5ACD2E70" value="true"/>
</engineerTo>
<useDomainConstraints>false</useDomainConstraints>
<use>1</use>
<logicalDatatype>LOGDT024</logicalDatatype>
<dataTypeSize>60</dataTypeSize>
</Attribute>
<Attribute name="dt_nascimento" id="04457055-6719-C6EB-94E9-481692AB188D">
<createdBy>Rita</createdBy>
<createdTime>2013-03-17 17:56:23 UTC</createdTime>
<generatorID>Gerado pelo usuário</generatorID>
<ownerDesignName>AULA13_EX1_SPV_NOTA_FISCAL</ownerDesignName>
<engineerTo>
<item key="F1A3C88F-F911-EA9B-DEA8-5D4D5ACD2E70" value="true"/>
</engineerTo>
<nullsAllowed>true</nullsAllowed>
<useDomainConstraints>false</useDomainConstraints>
<use>1</use>
<logicalDatatype>LOGDT007</logicalDatatype>
</Attribute>
<Attribute name="ds_sexo" id="1D5D2907-5493-6BD8-3ECD-DA24606B5511">
<createdBy>Rita</createdBy>
<createdTime>2013-03-17 17:56:43 UTC</createdTime>
<generatorID>Gerado pelo usuário</generatorID>
<ownerDesignName>AULA13_EX1_SPV_NOTA_FISCAL</ownerDesignName>
<engineerTo>
<item key="F1A3C88F-F911-EA9B-DEA8-5D4D5ACD2E70" value="true"/>
</engineerTo>
<useDomainConstraints>false</useDomainConstraints>
<use>1</use>
<logicalDatatype>LOGDT025</logicalDatatype>
<dataTypeSize>1</dataTypeSize>
</Attribute>
<Attribute name="nr_cpf" id="540E0585-6B93-CB31-70F5-4810D17576C3">
<createdBy>Rita</createdBy>
<createdTime>2013-03-17 17:55:32 UTC</createdTime>
<generatorID>Gerado pelo usuário</generatorID>
<ownerDesignName>AULA13_EX1_SPV_NOTA_FISCAL</ownerDesignName>
<engineerTo>
<item key="F1A3C88F-F911-EA9B-DEA8-5D4D5ACD2E70" value="true"/>
</engineerTo>
<useDomainConstraints>false</useDomainConstraints>
<use>1</use>
<logicalDatatype>LOGDT019</logicalDatatype>
<dataTypePrecision>9</dataTypePrecision>
</Attribute>
<Attribute name="nr_cpf_dig" id="7E2F822F-957B-27CC-036D-0A11283BEE33">
<createdBy>Rita</createdBy>
<createdTime>2014-08-01 18:28:11 UTC</createdTime>
<ownerDesignName>AULA13_EX1_SPV_NOTA_FISCAL</ownerDesignName>
<engineerTo>
<item key="F1A3C88F-F911-EA9B-DEA8-5D4D5ACD2E70" value="true"/>
</engineerTo>
<useDomainConstraints>false</useDomainConstraints>
<use>1</use>
<logicalDatatype>LOGDT019</logicalDatatype>
<dataTypePrecision>2</dataTypePrecision>
</Attribute>
<Attribute name="nr_rg" id="AB9DCBE7-BCBE-8B20-BAB9-01BBE7B27778">
<createdBy>Rita</createdBy>
<createdTime>2013-03-17 17:55:38 UTC</createdTime>
<generatorID>Gerado pelo usuário</generatorID>
<ownerDesignName>AULA13_EX1_SPV_NOTA_FISCAL</ownerDesignName>
<engineerTo>
<item key="F1A3C88F-F911-EA9B-DEA8-5D4D5ACD2E70" value="true"/>
</engineerTo>
<useDomainConstraints>false</useDomainConstraints>
<use>1</use>
<logicalDatatype>LOGDT019</logicalDatatype>
<dataTypePrecision>9</dataTypePrecision>
</Attribute>
<Attribute name="nr_rg_dig" id="91AB3356-A64A-20D4-5F1A-0FEDF3A33D64">
<createdBy>Rita</createdBy>
<createdTime>2014-08-01 18:29:56 UTC</createdTime>
<ownerDesignName>AULA13_EX1_SPV_NOTA_FISCAL</ownerDesignName>
<engineerTo>
<item key="F1A3C88F-F911-EA9B-DEA8-5D4D5ACD2E70" value="true"/>
</engineerTo>
<useDomainConstraints>false</useDomainConstraints>
<use>1</use>
<logicalDatatype>LOGDT025</logicalDatatype>
<dataTypeSize>1</dataTypeSize>
</Attribute>
<Attribute name="ds_email" id="3ED7E61E-C622-285D-722C-F762677FAA6D">
<createdBy>Rita</createdBy>
<createdTime>2013-03-17 17:55:41 UTC</createdTime>
<generatorID>Gerado pelo usuário</generatorID>
<ownerDesignName>AULA13_EX1_SPV_NOTA_FISCAL</ownerDesignName>
<engineerTo>
<item key="F1A3C88F-F911-EA9B-DEA8-5D4D5ACD2E70" value="true"/>
</engineerTo>
<nullsAllowed>true</nullsAllowed>
<useDomainConstraints>false</useDomainConstraints>
<use>1</use>
<logicalDatatype>LOGDT024</logicalDatatype>
<dataTypeSize>80</dataTypeSize>
</Attribute>
</attributes>
<identifiers itemClass="oracle.dbtools.crest.model.design.logical.CandidateKey">
<identifier id="E7FB23E0-38EC-EBE2-6365-9E639B8833A5" name="T_SPV_CLIENTE PK">
<createdBy>Rita</createdBy>
<createdTime>2013-03-17 17:57:43 UTC</createdTime>
<generatorID>Gerado pelo usuário</generatorID>
<ownerDesignName>AULA13_EX1_SPV_NOTA_FISCAL</ownerDesignName>
<engineerTo>
<item key="F1A3C88F-F911-EA9B-DEA8-5D4D5ACD2E70" value="true"/>
</engineerTo>
<pk>true</pk>
<usedAttributes>
<attributeRef>6AF03064-7D53-1BC6-08B4-16B19D59A809</attributeRef>
</usedAttributes>
</identifier>
</identifiers>
</Entity>