<?xml version = '1.0' encoding = 'UTF-8'?>
<Diagram class="oracle.dbtools.crest.swingui.relational.DPVRelational" name="Relational_1" id="036350A6-EF13-777C-C2D4-837D85605263">
<createdBy>Rita</createdBy>
<createdTime>2013-03-17 18:06:46 UTC</createdTime>
<autoRoute>false</autoRoute>
<boxInbox>true</boxInbox>
<showLegend>false</showLegend>
<showLabels>false</showLabels>
<showRelAttributes>false</showRelAttributes>
<showGrid>false</showGrid>
<diagramColor>-1</diagramColor>
<display>false</display>
<notation>1</notation>
<objectViews>
<OView class="oracle.dbtools.crest.swingui.relational.TVTable" oid="01F44976-6FF2-7077-8CE7-045D9B53978E" otype="Table" vid="B276EA60-2C7E-3A22-1E9E-6EFB41A54F71">
<hideElementsInCurrentOnly>false</hideElementsInCurrentOnly>
<bounds x="16" y="10" width="234" height="177"/>
</OView>
<OView class="oracle.dbtools.crest.swingui.relational.TVTable" oid="0B9A4A3D-60C8-5797-116E-BE4FEE757FBD" otype="Table" vid="560A9CE0-2FD6-F2DA-741A-82ED73B4DEA9">
<hideElementsInCurrentOnly>false</hideElementsInCurrentOnly>
<bounds x="160" y="220" width="331" height="183"/>
</OView>
<OView class="oracle.dbtools.crest.swingui.relational.TVTable" oid="242A31A7-B504-1EE1-EAF9-7C80B5B5220F" otype="Table" vid="905075F6-9D5E-2219-E40B-4E5CDEB29EC1">
<hideElementsInCurrentOnly>false</hideElementsInCurrentOnly>
<bounds x="865" y="9" width="302" height="149"/>
</OView>
<OView class="oracle.dbtools.crest.swingui.relational.TVTable" oid="42268BBD-86CB-10C3-BD2A-83806B2FAA0F" otype="Table" vid="13A62AE4-3361-C9AB-A95A-AEFFB9B00C89">
<hideElementsInCurrentOnly>false</hideElementsInCurrentOnly>
<bounds x="878" y="443" width="290" height="101"/>
</OView>
<OView class="oracle.dbtools.crest.swingui.relational.TVTable" oid="746BFADE-28DD-FAC8-1C69-D59594421DE0" otype="Table" vid="9ADDC0B7-1BF7-8A5C-2D9B-0380F5DD888B">
<hideElementsInCurrentOnly>false</hideElementsInCurrentOnly>
<bounds x="612" y="229" width="369" height="153"/>
</OView>
<OView class="oracle.dbtools.crest.swingui.relational.TVTable" oid="ACD627B3-71DB-F3D4-A127-CFECADDFC5A3" otype="Table" vid="B9240F94-D7BA-D8DE-4CBA-AF49054CC00C">
<hideElementsInCurrentOnly>false</hideElementsInCurrentOnly>
<bounds x="26" y="445" width="328" height="86"/>
</OView>
</objectViews>
<connectors>
<Connector class="oracle.dbtools.crest.swingui.relational.TVFKRelation" oid="1DEAAF2C-490A-E387-3A75-07D5FCCEE0B0" otype="FKIndexAssociation" vid_source="13A62AE4-3361-C9AB-A95A-AEFFB9B00C89" vid_target="905075F6-9D5E-2219-E40B-4E5CDEB29EC1">
<hideElementsInCurrentOnly>false</hideElementsInCurrentOnly>
<lineWidth>1</lineWidth>
<points>
<point x="1022" y="443"/>
<point x="1022" y="158"/>
</points>
</Connector>
<Connector class="oracle.dbtools.crest.swingui.relational.TVFKRelation" oid="75D44C45-919E-415F-4C6D-9DA16C4872E5" otype="FKIndexAssociation" vid_source="B9240F94-D7BA-D8DE-4CBA-AF49054CC00C" vid_target="560A9CE0-2FD6-F2DA-741A-82ED73B4DEA9">
<hideElementsInCurrentOnly>false</hideElementsInCurrentOnly>
<lineWidth>1</lineWidth>
<points>
<point x="354" y="483"/>
<point x="392" y="483"/>
<point x="392" y="403"/>
</points>
</Connector>
<Connector class="oracle.dbtools.crest.swingui.relational.TVFKRelation" oid="8CB99D0D-E767-E263-5D44-ED36A9F111DB" otype="FKIndexAssociation" vid_source="560A9CE0-2FD6-F2DA-741A-82ED73B4DEA9" vid_target="9ADDC0B7-1BF7-8A5C-2D9B-0380F5DD888B">
<hideElementsInCurrentOnly>false</hideElementsInCurrentOnly>
<lineWidth>1</lineWidth>
<points>
<point x="491" y="305"/>
<point x="612" y="305"/>
</points>
</Connector>
<Connector class="oracle.dbtools.crest.swingui.relational.TVFKRelation" oid="936F7BC7-90BE-D122-1D70-247B92EF61FF" otype="FKIndexAssociation" vid_source="905075F6-9D5E-2219-E40B-4E5CDEB29EC1" vid_target="9ADDC0B7-1BF7-8A5C-2D9B-0380F5DD888B">
<hideElementsInCurrentOnly>false</hideElementsInCurrentOnly>
<lineWidth>1</lineWidth>
<points>
<point x="865" y="111"/>
<point x="724" y="111"/>
<point x="724" y="229"/>
</points>
</Connector>
<Connector class="oracle.dbtools.crest.swingui.relational.TVFKRelation" oid="9BD118BE-D981-B77D-B418-F34F70B6854B" otype="FKIndexAssociation" vid_source="B276EA60-2C7E-3A22-1E9E-6EFB41A54F71" vid_target="560A9CE0-2FD6-F2DA-741A-82ED73B4DEA9">
<hideElementsInCurrentOnly>false</hideElementsInCurrentOnly>
<lineWidth>1</lineWidth>
<points>
<point x="250" y="110"/>
<point x="310" y="110"/>
<point x="310" y="220"/>
</points>
</Connector>
</connectors>
</Diagram>