<?xml version = '1.0' encoding = 'UTF-8'?>
<Diagram class="oracle.dbtools.crest.swingui.relational.DPVRelational" name="Relational_1" id="49E6EF42-4776-5261-6E88-97FFB4D9F0D5">
<createdBy>logonpf</createdBy>
<modifiedBy>logonpf</modifiedBy>
<createdTime>2017-03-20 12:26:32 UTC</createdTime>
<autoRoute>false</autoRoute>
<boxInbox>true</boxInbox>
<showLegend>false</showLegend>
<showLabels>false</showLabels>
<showRelAttributes>false</showRelAttributes>
<gridEnabled>false</gridEnabled>
<showGrid>false</showGrid>
<diagramColor>-1</diagramColor>
<display>false</display>
<notation>1</notation>
<objectViews>
<OView class="oracle.dbtools.crest.swingui.relational.TVTable" oid="0ABA20F7-8FA9-2035-4D39-910A14DC6DDC" otype="Table" vid="92208842-D05F-A1FC-D085-B746D82E7BF0">
<hideElementsInCurrentOnly>false</hideElementsInCurrentOnly>
<bounds x="14" y="217" width="477" height="141"/>
<useCustomFormat>true</useCustomFormat>
<useDefaultColor>false</useDefaultColor>
<backgroundColor>-205</backgroundColor>
<foregroundColor>-16776961</foregroundColor>
<fonts itemClass="oracle.dbtools.crest.model.design.FontObjectWr">
<FontObject>
<foType>Title</foType>
<fontStyle>1</fontStyle>
<colorRGB>-16776961</colorRGB>
</FontObject>
<FontObject>
<foType>Column</foType>
<colorRGB>-16777216</colorRGB>
</FontObject>
<FontObject>
<foType>Not Null</foType>
<colorRGB>-65536</colorRGB>
</FontObject>
<FontObject>
<foType>PK Element</foType>
<colorRGB>-16776961</colorRGB>
</FontObject>
<FontObject>
<foType>Datatype</foType>
<colorRGB>-16744448</colorRGB>
</FontObject>
<FontObject>
<foType>Key</foType>
<colorRGB>-16777216</colorRGB>
</FontObject>
</fonts>
</OView>
<OView class="oracle.dbtools.crest.swingui.relational.TVTable" oid="10987779-F0C5-5BC0-4BF6-3A6B5FC2EF1A" otype="Table" vid="853A83EA-D045-C887-1958-ED7FEEA933E9">
<hideElementsInCurrentOnly>false</hideElementsInCurrentOnly>
<bounds x="1062" y="594" width="294" height="120"/>
<useCustomFormat>true</useCustomFormat>
<useDefaultColor>false</useDefaultColor>
<backgroundColor>-6684775</backgroundColor>
<foregroundColor>-16776961</foregroundColor>
<fonts itemClass="oracle.dbtools.crest.model.design.FontObjectWr">
<FontObject>
<foType>Title</foType>
<fontStyle>1</fontStyle>
<colorRGB>-16776961</colorRGB>
</FontObject>
<FontObject>
<foType>Column</foType>
<colorRGB>-16777216</colorRGB>
</FontObject>
<FontObject>
<foType>Not Null</foType>
<colorRGB>-65536</colorRGB>
</FontObject>
<FontObject>
<foType>PK Element</foType>
<colorRGB>-16776961</colorRGB>
</FontObject>
<FontObject>
<foType>Datatype</foType>
<colorRGB>-16744448</colorRGB>
</FontObject>
<FontObject>
<foType>Key</foType>
<colorRGB>-16777216</colorRGB>
</FontObject>
<FontObject>
<foType>UK Element</foType>
<colorRGB>-16776961</colorRGB>
</FontObject>
</fonts>
</OView>
<OView class="oracle.dbtools.crest.swingui.relational.TVTable" oid="4951A457-08FC-EF50-4173-24330CF8E91F" otype="Table" vid="BD3C03C0-28A2-7E90-F7CC-125D177D7B0D">
<hideElementsInCurrentOnly>false</hideElementsInCurrentOnly>
<bounds x="539" y="597" width="377" height="109"/>
<useCustomFormat>true</useCustomFormat>
<useDefaultColor>false</useDefaultColor>
<backgroundColor>-6684775</backgroundColor>
<foregroundColor>-16776961</foregroundColor>
<fonts itemClass="oracle.dbtools.crest.model.design.FontObjectWr">
<FontObject>
<foType>Title</foType>
<fontStyle>1</fontStyle>
<colorRGB>-16776961</colorRGB>
</FontObject>
<FontObject>
<foType>Column</foType>
<colorRGB>-16777216</colorRGB>
</FontObject>
<FontObject>
<foType>Not Null</foType>
<colorRGB>-65536</colorRGB>
</FontObject>
<FontObject>
<foType>PK Element</foType>
<colorRGB>-16776961</colorRGB>
</FontObject>
<FontObject>
<foType>Datatype</foType>
<colorRGB>-16744448</colorRGB>
</FontObject>
<FontObject>
<foType>FK Element</foType>
<colorRGB>-16777216</colorRGB>
</FontObject>
<FontObject>
<foType>Key</foType>
<colorRGB>-16777216</colorRGB>
</FontObject>
</fonts>
</OView>
<OView class="oracle.dbtools.crest.swingui.relational.TVTable" oid="55039EAE-3EBA-A47E-769E-ED88B19F8813" otype="Table" vid="CA0E5DAE-2949-C469-387D-76A623C2032F">
<hideElementsInCurrentOnly>false</hideElementsInCurrentOnly>
<bounds x="1008" y="13" width="321" height="129"/>
</OView>
<OView class="oracle.dbtools.crest.swingui.relational.TVTable" oid="555F76A6-877B-543E-0804-77AEF1CE65EA" otype="Table" vid="6D1F9E8A-9859-CC1A-3EB5-CC0725F19391">
<hideElementsInCurrentOnly>false</hideElementsInCurrentOnly>
<bounds x="612" y="2" width="231" height="158"/>
</OView>
<OView class="oracle.dbtools.crest.swingui.relational.TVTable" oid="80D7DFD0-1410-A062-8682-F1AD351CFB70" otype="Table" vid="F3F2361A-1D41-20B6-1083-8B4FB0F0BF16">
<hideElementsInCurrentOnly>false</hideElementsInCurrentOnly>
<bounds x="1264" y="259" width="259" height="122"/>
</OView>
<OView class="oracle.dbtools.crest.swingui.relational.TVTable" oid="ACDE5666-4BC3-81E3-5C6D-FB6D81622DB8" otype="Table" vid="DA2813A3-B236-D5DE-E593-63960F5C9A3E">
<hideElementsInCurrentOnly>false</hideElementsInCurrentOnly>
<bounds x="762" y="462" width="249" height="79"/>
<useCustomFormat>true</useCustomFormat>
<useDefaultColor>false</useDefaultColor>
<backgroundColor>-6684775</backgroundColor>
<foregroundColor>-16776961</foregroundColor>
<fonts itemClass="oracle.dbtools.crest.model.design.FontObjectWr">
<FontObject>
<foType>Title</foType>
<fontStyle>1</fontStyle>
<colorRGB>-16776961</colorRGB>
</FontObject>
<FontObject>
<foType>Column</foType>
<colorRGB>-16777216</colorRGB>
</FontObject>
<FontObject>
<foType>Not Null</foType>
<colorRGB>-65536</colorRGB>
</FontObject>
<FontObject>
<foType>PK Element</foType>
<colorRGB>-16776961</colorRGB>
</FontObject>
<FontObject>
<foType>Datatype</foType>
<colorRGB>-16744448</colorRGB>
</FontObject>
<FontObject>
<foType>Key</foType>
<colorRGB>-16777216</colorRGB>
</FontObject>
</fonts>
</OView>
<OView class="oracle.dbtools.crest.swingui.relational.TVTable" oid="B317BA1B-4208-013E-9419-C24E6B48E136" otype="Table" vid="F80F3ACE-91BC-800D-2343-70052B1F5AF5">
<hideElementsInCurrentOnly>false</hideElementsInCurrentOnly>
<bounds x="12" y="406" width="430" height="136"/>
<useCustomFormat>true</useCustomFormat>
<useDefaultColor>false</useDefaultColor>
<backgroundColor>-6684775</backgroundColor>
<foregroundColor>-16776961</foregroundColor>
<fonts itemClass="oracle.dbtools.crest.model.design.FontObjectWr">
<FontObject>
<foType>Title</foType>
<fontStyle>1</fontStyle>
<colorRGB>-16776961</colorRGB>
</FontObject>
<FontObject>
<foType>Column</foType>
<colorRGB>-16777216</colorRGB>
</FontObject>
<FontObject>
<foType>Not Null</foType>
<colorRGB>-65536</colorRGB>
</FontObject>
<FontObject>
<foType>PK Element</foType>
<colorRGB>-16776961</colorRGB>
</FontObject>
<FontObject>
<foType>Datatype</foType>
<colorRGB>-16744448</colorRGB>
</FontObject>
<FontObject>
<foType>FK Element</foType>
<colorRGB>-16777216</colorRGB>
</FontObject>
<FontObject>
<foType>Key</foType>
<colorRGB>-16777216</colorRGB>
</FontObject>
</fonts>
</OView>
<OView class="oracle.dbtools.crest.swingui.relational.TVTable" oid="C10B81E6-0DE5-DC83-DC77-31F56AC816BC" otype="Table" vid="43C63D5A-51D9-B946-80A3-FC3613267066">
<hideElementsInCurrentOnly>false</hideElementsInCurrentOnly>
<bounds x="37" y="579" width="380" height="112"/>
<useCustomFormat>true</useCustomFormat>
<useDefaultColor>false</useDefaultColor>
<backgroundColor>-6684775</backgroundColor>
<foregroundColor>-16776961</foregroundColor>
<fonts itemClass="oracle.dbtools.crest.model.design.FontObjectWr">
<FontObject>
<foType>Title</foType>
<fontStyle>1</fontStyle>
<colorRGB>-16776961</colorRGB>
</FontObject>
<FontObject>
<foType>Column</foType>
<colorRGB>-16777216</colorRGB>
</FontObject>
<FontObject>
<foType>Not Null</foType>
<colorRGB>-65536</colorRGB>
</FontObject>
<FontObject>
<foType>PK Element</foType>
<colorRGB>-16776961</colorRGB>
</FontObject>
<FontObject>
<foType>Datatype</foType>
<colorRGB>-16744448</colorRGB>
</FontObject>
<FontObject>
<foType>FK Element</foType>
<colorRGB>-16777216</colorRGB>
</FontObject>
<FontObject>
<foType>Key</foType>
<colorRGB>-16777216</colorRGB>
</FontObject>
</fonts>
</OView>
<OView class="oracle.dbtools.crest.swingui.relational.TVTable" oid="CE4F8BD0-F455-F915-792B-C810782C834A" otype="Table" vid="714BDF15-04FD-F1C4-A3A0-6E95727F816D">
<hideElementsInCurrentOnly>false</hideElementsInCurrentOnly>
<bounds x="697" y="267" width="345" height="156"/>
<useCustomFormat>true</useCustomFormat>
<useDefaultColor>false</useDefaultColor>
<backgroundColor>-205</backgroundColor>
<foregroundColor>-16776961</foregroundColor>
<fonts itemClass="oracle.dbtools.crest.model.design.FontObjectWr">
<FontObject>
<foType>Title</foType>
<fontStyle>1</fontStyle>
<colorRGB>-16776961</colorRGB>
</FontObject>
<FontObject>
<foType>Column</foType>
<colorRGB>-16777216</colorRGB>
</FontObject>
<FontObject>
<foType>Not Null</foType>
<colorRGB>-65536</colorRGB>
</FontObject>
<FontObject>
<foType>PK Element</foType>
<colorRGB>-16776961</colorRGB>
</FontObject>
<FontObject>
<foType>Datatype</foType>
<colorRGB>-16744448</colorRGB>
</FontObject>
<FontObject>
<foType>FK Element</foType>
<colorRGB>-16777216</colorRGB>
</FontObject>
<FontObject>
<foType>Key</foType>
<colorRGB>-16777216</colorRGB>
</FontObject>
</fonts>
</OView>
<OView class="oracle.dbtools.crest.swingui.relational.TVTable" oid="D443FA00-03F0-F066-21C8-24AB5938A19A" otype="Table" vid="65065DB6-BD9B-859C-F3BE-EE6B83C33E3E">
<hideElementsInCurrentOnly>false</hideElementsInCurrentOnly>
<bounds x="14" y="8" width="230" height="92"/>
</OView>
</objectViews>
<connectors>
<Connector class="oracle.dbtools.crest.swingui.relational.TVFKRelation" oid="10B3B6F9-288D-E456-B7E6-5ABAE42E5571" otype="FKIndexAssociation" vid_source="DA2813A3-B236-D5DE-E593-63960F5C9A3E" vid_target="F80F3ACE-91BC-800D-2343-70052B1F5AF5">
<hideElementsInCurrentOnly>false</hideElementsInCurrentOnly>
<lineWidth>1</lineWidth>
<points>
<point x="801" y="462"/>
<point x="546" y="499"/>
<point x="442" y="499"/>
</points>
</Connector>
<Connector class="oracle.dbtools.crest.swingui.relational.TVFKRelation" oid="28C16049-69F3-26CC-EA4C-5FE615BB384B" otype="FKIndexAssociation" vid_source="6D1F9E8A-9859-CC1A-3EB5-CC0725F19391" vid_target="92208842-D05F-A1FC-D085-B746D82E7BF0">
<hideElementsInCurrentOnly>false</hideElementsInCurrentOnly>
<lineWidth>1</lineWidth>
<points>
<point x="612" y="133"/>
<point x="203" y="133"/>
<point x="203" y="217"/>
</points>
</Connector>
<Connector class="oracle.dbtools.crest.swingui.relational.TVFKRelation" oid="32323507-6DD4-0ECD-05C4-EE092BCD1AFE" otype="FKIndexAssociation" vid_source="6D1F9E8A-9859-CC1A-3EB5-CC0725F19391" vid_target="CA0E5DAE-2949-C469-387D-76A623C2032F">
<hideElementsInCurrentOnly>false</hideElementsInCurrentOnly>
<lineWidth>1</lineWidth>
<points>
<point x="843" y="77"/>
<point x="1008" y="77"/>
</points>
</Connector>
<Connector class="oracle.dbtools.crest.swingui.relational.TVFKRelation" oid="627C37EE-C128-21DB-4C73-55A161494348" otype="FKIndexAssociation" vid_source="43C63D5A-51D9-B946-80A3-FC3613267066" vid_target="F80F3ACE-91BC-800D-2343-70052B1F5AF5">
<hideElementsInCurrentOnly>false</hideElementsInCurrentOnly>
<lineWidth>1</lineWidth>
<points>
<point x="227" y="579"/>
<point x="227" y="542"/>
</points>
</Connector>
<Connector class="oracle.dbtools.crest.swingui.relational.TVFKRelation" oid="8F0F3A43-1193-745C-11DB-FEEB6C19FA07" otype="FKIndexAssociation" vid_source="65065DB6-BD9B-859C-F3BE-EE6B83C33E3E" vid_target="6D1F9E8A-9859-CC1A-3EB5-CC0725F19391">
<hideElementsInCurrentOnly>false</hideElementsInCurrentOnly>
<lineWidth>1</lineWidth>
<points>
<point x="244" y="54"/>
<point x="612" y="54"/>
</points>
</Connector>
<Connector class="oracle.dbtools.crest.swingui.relational.TVFKRelation" oid="A7F59740-3470-D6CF-4FEA-51163EE200E3" otype="FKIndexAssociation" vid_source="BD3C03C0-28A2-7E90-F7CC-125D177D7B0D" vid_target="43C63D5A-51D9-B946-80A3-FC3613267066">
<hideElementsInCurrentOnly>false</hideElementsInCurrentOnly>
<lineWidth>1</lineWidth>
<points>
<point x="539" y="644"/>
<point x="417" y="644"/>
</points>
</Connector>
<Connector class="oracle.dbtools.crest.swingui.relational.TVFKRelation" oid="B9AD9522-0CF4-90C7-1FF6-91AA08E67274" otype="FKIndexAssociation" vid_source="F3F2361A-1D41-20B6-1083-8B4FB0F0BF16" vid_target="714BDF15-04FD-F1C4-A3A0-6E95727F816D">
<hideElementsInCurrentOnly>false</hideElementsInCurrentOnly>
<lineWidth>1</lineWidth>
<points>
<point x="1264" y="324"/>
<point x="1042" y="324"/>
</points>
</Connector>
<Connector class="oracle.dbtools.crest.swingui.relational.TVFKRelation" oid="D59831AD-F3EC-41EE-527E-090B2FB37DB6" otype="FKIndexAssociation" vid_source="6D1F9E8A-9859-CC1A-3EB5-CC0725F19391" vid_target="714BDF15-04FD-F1C4-A3A0-6E95727F816D">
<hideElementsInCurrentOnly>false</hideElementsInCurrentOnly>
<lineWidth>1</lineWidth>
<points>
<point x="770" y="160"/>
<point x="770" y="267"/>
</points>
</Connector>
<Connector class="oracle.dbtools.crest.swingui.relational.TVFKRelation" oid="D6DC2818-3F36-AC3B-DB2A-AAFFA2E06C04" otype="FKIndexAssociation" vid_source="F80F3ACE-91BC-800D-2343-70052B1F5AF5" vid_target="92208842-D05F-A1FC-D085-B746D82E7BF0">
<hideElementsInCurrentOnly>false</hideElementsInCurrentOnly>
<lineWidth>1</lineWidth>
<points>
<point x="228" y="406"/>
<point x="228" y="358"/>
</points>
</Connector>
<Connector class="oracle.dbtools.crest.swingui.relational.TVFKRelation" oid="E6DF912B-E694-026E-639D-6F83AC4D228F" otype="FKIndexAssociation" vid_source="853A83EA-D045-C887-1958-ED7FEEA933E9" vid_target="BD3C03C0-28A2-7E90-F7CC-125D177D7B0D">
<hideElementsInCurrentOnly>false</hideElementsInCurrentOnly>
<lineWidth>1</lineWidth>
<points>
<point x="1062" y="651"/>
<point x="916" y="651"/>
</points>
</Connector>
</connectors>
</Diagram>