<?xml version = '1.0' encoding = 'UTF-8'?>
<Relation class="oracle.dbtools.crest.model.design.logical.Relation" name="POSSUIRv3" directorySegmentName="seg_0" id="4B4F7034-5C13-AD3A-83AC-52EE87E4FD06">
<createdBy>logonpf</createdBy>
<createdTime>2017-04-24 13:47:58 UTC</createdTime>
<ownerDesignName>AULA11 - EXERC01 - PROJETOS</ownerDesignName>
<engineerTo>
<item key="38C8A164-6624-3EDF-5B66-63584B8B65C8" value="true"/>
</engineerTo>
<sourcePk>B7D2202C-27E0-4770-10BE-BEF9A77DCE61</sourcePk>
<identifying>true</identifying>
<optionalSource>true</optionalSource>
<optionalTarget>false</optionalTarget>
<sourceCardinality>1</sourceCardinality>
<sourceEntity>75BB9B2E-93B0-674A-BC7B-77AA24C3B949</sourceEntity>
<targetCardinalityString>*</targetCardinalityString>
<targetEntity>116A8AD2-B1E1-8813-8403-E04D02552A1C</targetEntity>
<transferable>true</transferable>
<deleteRule>NO ACTION</deleteRule>
</Relation>