<?xml version = '1.0' encoding = 'UTF-8'?>
<Relation class="oracle.dbtools.crest.model.design.logical.Relation" name="CLASSIFICAR" directorySegmentName="seg_0" id="7263A996-FF16-E519-09DF-809EFDA364AA">
<createdBy>logonpf</createdBy>
<createdTime>2017-04-24 13:45:56 UTC</createdTime>
<ownerDesignName>AULA11 - EXERC01 - PROJETOS</ownerDesignName>
<engineerTo>
<item key="38C8A164-6624-3EDF-5B66-63584B8B65C8" value="true"/>
</engineerTo>
<sourcePk>648EFD1E-9D55-56AC-E09D-1D1477F19637</sourcePk>
<identifying>false</identifying>
<optionalSource>true</optionalSource>
<optionalTarget>false</optionalTarget>
<sourceCardinality>1</sourceCardinality>
<sourceEntity>8906B641-5F0C-25AB-2630-D19A4C98DB35</sourceEntity>
<targetCardinalityString>*</targetCardinalityString>
<targetEntity>810D356B-B651-3E9E-D77B-9A0F746EE8A3</targetEntity>
<transferable>true</transferable>
<deleteRule>NO ACTION</deleteRule>
</Relation>