<?xml version = '1.0' encoding = 'UTF-8'?>
<Relation class="oracle.dbtools.crest.model.design.logical.Relation" name="PERTENCER" directorySegmentName="seg_0" id="83F8592B-ECFE-63B7-49E7-3BBBB49C5B86">
<createdBy>logonpf</createdBy>
<createdTime>2017-04-24 13:47:03 UTC</createdTime>
<ownerDesignName>AULA11 - EXERC01 - PROJETOS</ownerDesignName>
<engineerTo>
<item key="38C8A164-6624-3EDF-5B66-63584B8B65C8" value="true"/>
</engineerTo>
<sourcePk>C552E395-0141-6DC8-73B5-7EC3CF36CF79</sourcePk>
<identifying>true</identifying>
<optionalSource>true</optionalSource>
<optionalTarget>false</optionalTarget>
<sourceCardinality>1</sourceCardinality>
<sourceEntity>810D356B-B651-3E9E-D77B-9A0F746EE8A3</sourceEntity>
<targetCardinalityString>*</targetCardinalityString>
<targetEntity>116A8AD2-B1E1-8813-8403-E04D02552A1C</targetEntity>
<transferable>true</transferable>
<deleteRule>NO ACTION</deleteRule>
</Relation>