<?xml version = '1.0' encoding = 'UTF-8'?>
<Relation class="oracle.dbtools.crest.model.design.logical.Relation" name="POSSUIRv1" directorySegmentName="seg_0" id="B3CE161B-9FFE-0D59-149E-0D27C6D5665D">
<createdBy>logonpf</createdBy>
<createdTime>2017-04-24 13:45:05 UTC</createdTime>
<ownerDesignName>AULA11 - EXERC01 - PROJETOS</ownerDesignName>
<engineerTo>
<item key="38C8A164-6624-3EDF-5B66-63584B8B65C8" value="true"/>
</engineerTo>
<sourcePk>AF403C8A-6206-F2AB-F81B-6FB0D722975A</sourcePk>
<identifying>false</identifying>
<optionalSource>true</optionalSource>
<optionalTarget>false</optionalTarget>
<sourceCardinality>1</sourceCardinality>
<sourceEntity>AF787E04-107F-1A93-0E8A-D879EC34D880</sourceEntity>
<targetCardinalityString>*</targetCardinalityString>
<targetEntity>E45255E4-4018-E790-03A6-4460D9B1BBAD</targetEntity>
<transferable>true</transferable>
<deleteRule>NO ACTION</deleteRule>
</Relation>