<?xml version = '1.0' encoding = 'UTF-8'?>
<Relation class="oracle.dbtools.crest.model.design.logical.Relation" name="IMPLANTAR" directorySegmentName="seg_0" id="D10763CE-56EA-6640-CD41-6262069F03BC">
<createdBy>logonpf</createdBy>
<createdTime>2017-03-27 14:07:03 UTC</createdTime>
<ownerDesignName>AULA11 - EXERC01 - PROJETOS</ownerDesignName>
<engineerTo>
<item key="38C8A164-6624-3EDF-5B66-63584B8B65C8" value="true"/>
</engineerTo>
<sourcePk>EC4909CD-669F-DCF9-E7C8-21C3867C6F48</sourcePk>
<identifying>false</identifying>
<optionalSource>true</optionalSource>
<optionalTarget>false</optionalTarget>
<sourceCardinality>1</sourceCardinality>
<sourceEntity>A92F77F0-3A16-47E0-3E07-EB200DF006FF</sourceEntity>
<targetCardinalityString>*</targetCardinalityString>
<targetEntity>5DECBF07-20B8-665B-A3D6-912A8D7D4821</targetEntity>
<transferable>true</transferable>
<deleteRule>NO ACTION</deleteRule>
</Relation>