<?xml version = '1.0' encoding = 'UTF-8'?>
<Relation class="oracle.dbtools.crest.model.design.logical.Relation" name="PARTICIPAR" directorySegmentName="seg_0" id="D609B988-5534-8DB2-0F85-B342C0878B86">
<createdBy>logonpf</createdBy>
<createdTime>2017-03-27 14:06:32 UTC</createdTime>
<ownerDesignName>AULA11 - EXERC01 - PROJETOS</ownerDesignName>
<engineerTo>
<item key="38C8A164-6624-3EDF-5B66-63584B8B65C8" value="true"/>
</engineerTo>
<sourcePk>B7D2202C-27E0-4770-10BE-BEF9A77DCE61</sourcePk>
<identifying>false</identifying>
<optionalSource>true</optionalSource>
<optionalTarget>false</optionalTarget>
<sourceCardinality>1</sourceCardinality>
<sourceEntity>75BB9B2E-93B0-674A-BC7B-77AA24C3B949</sourceEntity>
<targetCardinalityString>*</targetCardinalityString>
<targetEntity>5DECBF07-20B8-665B-A3D6-912A8D7D4821</targetEntity>
<transferable>true</transferable>
<deleteRule>NO ACTION</deleteRule>
</Relation>