<?xml version = '1.0' encoding = 'UTF-8'?>
<Relation class="oracle.dbtools.crest.model.design.logical.Relation" name="POSSUIRv2" directorySegmentName="seg_0" id="E95C31AD-E048-07FA-328B-B4D31B7227CB">
<createdBy>logonpf</createdBy>
<createdTime>2017-04-24 13:45:40 UTC</createdTime>
<ownerDesignName>AULA11 - EXERC01 - PROJETOS</ownerDesignName>
<engineerTo>
<item key="38C8A164-6624-3EDF-5B66-63584B8B65C8" value="true"/>
</engineerTo>
<sourcePk>67061642-29B3-0A6B-FC57-F676E6F68092</sourcePk>
<identifying>false</identifying>
<optionalSource>true</optionalSource>
<optionalTarget>false</optionalTarget>
<sourceCardinality>1</sourceCardinality>
<sourceEntity>E45255E4-4018-E790-03A6-4460D9B1BBAD</sourceEntity>
<targetCardinalityString>*</targetCardinalityString>
<targetEntity>810D356B-B651-3E9E-D77B-9A0F746EE8A3</targetEntity>
<transferable>true</transferable>
<deleteRule>NO ACTION</deleteRule>
</Relation>