<?xml version = '1.0' encoding = 'UTF-8'?>
<Relation class="oracle.dbtools.crest.model.design.logical.Relation" name="TER" directorySegmentName="seg_0" id="EC920DF7-73F9-AA6D-B976-7196979CBD64">
<createdBy>logonpf</createdBy>
<createdTime>2017-03-27 14:05:53 UTC</createdTime>
<ownerDesignName>AULA11 - EXERC01 - PROJETOS</ownerDesignName>
<engineerTo>
<item key="38C8A164-6624-3EDF-5B66-63584B8B65C8" value="true"/>
</engineerTo>
<sourcePk>B7D2202C-27E0-4770-10BE-BEF9A77DCE61</sourcePk>
<identifying>true</identifying>
<optionalSource>true</optionalSource>
<optionalTarget>false</optionalTarget>
<sourceCardinality>1</sourceCardinality>
<sourceEntity>75BB9B2E-93B0-674A-BC7B-77AA24C3B949</sourceEntity>
<targetCardinalityString>*</targetCardinalityString>
<targetEntity>ED018394-F701-36FF-AE33-DE7146EBB137</targetEntity>
<transferable>true</transferable>
<deleteRule>NO ACTION</deleteRule>
</Relation>