<?xml version = '1.0' encoding = 'UTF-8'?>
<relationalModel class="oracle.dbtools.crest.model.design.relational.RelationalDesign" name="Relational_1" id="38C8A164-6624-3EDF-5B66-63584B8B65C8" mainViewID="49E6EF42-4776-5261-6E88-97FFB4D9F0D5">
<createdBy>logonpf</createdBy>
<createdTime>2017-03-20 12:18:32 UTC</createdTime>
<ownerDesignName>AULA03 - EXERC01 - PROJETOS</ownerDesignName>
<shouldBeOpen>true</shouldBeOpen>
<selectedRDBMSSite>32076570-2523-435C-2E92-BF29817DFF70</selectedRDBMSSite>
</relationalModel>