<?xml version = '1.0' encoding = 'UTF-8'?>
<FKIndexAssociation class="oracle.dbtools.crest.model.design.relational.FKIndexAssociation" directorySegmentName="seg_0" id="10B3B6F9-288D-E456-B7E6-5ABAE42E5571" containerWithKeyObject="B317BA1B-4208-013E-9419-C24E6B48E136" localFKIndex="25C96FAA-DD0A-FC32-355B-5749CCB90544" name="FK_SIP_ENDE_TIPO_LOG">
<createdBy>logonpf</createdBy>
<createdTime>2017-04-24 14:10:32 UTC</createdTime>
<generatorID>7263A996-FF16-E519-09DF-809EFDA364AA</generatorID>
<ownerDesignName>AULA11 - EXERC01 - PROJETOS</ownerDesignName>
<deleteRule>NO ACTION</deleteRule>
<referredTableID>ACDE5666-4BC3-81E3-5C6D-FB6D81622DB8</referredTableID>
<keyObject>0B52A212-1578-852D-6E27-AF09531A1105</keyObject>
<referredKeyID>0B52A212-1578-852D-6E27-AF09531A1105</referredKeyID>
<mandatory>true</mandatory>
<transferable>true</transferable>
<rely>false</rely>
<columnDependencyConstraintGenerateInDDL>true</columnDependencyConstraintGenerateInDDL>
</FKIndexAssociation>