<?xml version = '1.0' encoding = 'UTF-8'?>
<FKIndexAssociation class="oracle.dbtools.crest.model.design.relational.FKIndexAssociation" directorySegmentName="seg_0" id="28C16049-69F3-26CC-EA4C-5FE615BB384B" containerWithKeyObject="0ABA20F7-8FA9-2035-4D39-910A14DC6DDC" localFKIndex="32B5039E-AE1B-0C17-C8AB-BE958ED8626D" name="FK_SIP_FUNC_ENDE_FUNC">
<createdBy>logonpf</createdBy>
<createdTime>2017-04-24 14:10:32 UTC</createdTime>
<generatorID>4B4F7034-5C13-AD3A-83AC-52EE87E4FD06</generatorID>
<ownerDesignName>AULA11 - EXERC01 - PROJETOS</ownerDesignName>
<deleteRule>NO ACTION</deleteRule>
<referredTableID>555F76A6-877B-543E-0804-77AEF1CE65EA</referredTableID>
<keyObject>5C9CF093-3255-CB61-BF61-909092C92494</keyObject>
<referredKeyID>5C9CF093-3255-CB61-BF61-909092C92494</referredKeyID>
<mandatory>true</mandatory>
<transferable>true</transferable>
<rely>false</rely>
<columnDependencyConstraintGenerateInDDL>true</columnDependencyConstraintGenerateInDDL>
</FKIndexAssociation>