<?xml version = '1.0' encoding = 'UTF-8'?>
<FKIndexAssociation class="oracle.dbtools.crest.model.design.relational.FKIndexAssociation" directorySegmentName="seg_0" id="32323507-6DD4-0ECD-05C4-EE092BCD1AFE" containerWithKeyObject="55039EAE-3EBA-A47E-769E-ED88B19F8813" localFKIndex="CF13A056-05F2-D66F-113F-3098DA36FF12" name="FK_SIP_DEPENDENTE_FUNC">
<createdBy>logonpf</createdBy>
<createdTime>2017-04-24 14:10:32 UTC</createdTime>
<generatorID>EC920DF7-73F9-AA6D-B976-7196979CBD64</generatorID>
<ownerDesignName>AULA11 - EXERC01 - PROJETOS</ownerDesignName>
<deleteRule>NO ACTION</deleteRule>
<referredTableID>555F76A6-877B-543E-0804-77AEF1CE65EA</referredTableID>
<keyObject>5C9CF093-3255-CB61-BF61-909092C92494</keyObject>
<referredKeyID>5C9CF093-3255-CB61-BF61-909092C92494</referredKeyID>
<mandatory>true</mandatory>
<transferable>true</transferable>
<rely>false</rely>
<columnDependencyConstraintGenerateInDDL>true</columnDependencyConstraintGenerateInDDL>
</FKIndexAssociation>