<?xml version = '1.0' encoding = 'UTF-8'?>
<FKIndexAssociation class="oracle.dbtools.crest.model.design.relational.FKIndexAssociation" directorySegmentName="seg_0" id="627C37EE-C128-21DB-4C73-55A161494348" containerWithKeyObject="B317BA1B-4208-013E-9419-C24E6B48E136" localFKIndex="AF43A7D3-737B-15AC-6264-3BAD6E8E913B" name="FK_SIP_ENDE_BAIRRO">
<createdBy>logonpf</createdBy>
<createdTime>2017-04-24 14:10:32 UTC</createdTime>
<generatorID>E95C31AD-E048-07FA-328B-B4D31B7227CB</generatorID>
<ownerDesignName>AULA11 - EXERC01 - PROJETOS</ownerDesignName>
<deleteRule>NO ACTION</deleteRule>
<referredTableID>C10B81E6-0DE5-DC83-DC77-31F56AC816BC</referredTableID>
<keyObject>26CFDAAD-2EC1-6094-26A8-A3043655ECC4</keyObject>
<referredKeyID>26CFDAAD-2EC1-6094-26A8-A3043655ECC4</referredKeyID>
<mandatory>true</mandatory>
<transferable>true</transferable>
<rely>false</rely>
<columnDependencyConstraintGenerateInDDL>true</columnDependencyConstraintGenerateInDDL>
</FKIndexAssociation>