<?xml version = '1.0' encoding = 'UTF-8'?>
<FKIndexAssociation class="oracle.dbtools.crest.model.design.relational.FKIndexAssociation" directorySegmentName="seg_0" id="8F0F3A43-1193-745C-11DB-FEEB6C19FA07" containerWithKeyObject="555F76A6-877B-543E-0804-77AEF1CE65EA" localFKIndex="48696DD2-D184-D5E7-FF95-D0523D568DD2" name="FK_SIP_FUNC_DEPTO">
<createdBy>logonpf</createdBy>
<createdTime>2017-04-24 14:10:32 UTC</createdTime>
<generatorID>B24F6DDB-AD6A-6FA3-009E-03D07925B38C</generatorID>
<ownerDesignName>AULA11 - EXERC01 - PROJETOS</ownerDesignName>
<deleteRule>NO ACTION</deleteRule>
<referredTableID>D443FA00-03F0-F066-21C8-24AB5938A19A</referredTableID>
<keyObject>AE0DC384-1DD0-4DBA-529A-6F552FE29686</keyObject>
<referredKeyID>AE0DC384-1DD0-4DBA-529A-6F552FE29686</referredKeyID>
<mandatory>true</mandatory>
<transferable>true</transferable>
<rely>false</rely>
<columnDependencyConstraintGenerateInDDL>true</columnDependencyConstraintGenerateInDDL>
</FKIndexAssociation>