<?xml version = '1.0' encoding = 'UTF-8'?>
<FKIndexAssociation class="oracle.dbtools.crest.model.design.relational.FKIndexAssociation" directorySegmentName="seg_0" id="A7F59740-3470-D6CF-4FEA-51163EE200E3" containerWithKeyObject="C10B81E6-0DE5-DC83-DC77-31F56AC816BC" localFKIndex="81A72AA5-BD5B-1A95-299A-DACCB1CF2775" name="FK_SIP_BAIRRO_CIDADE">
<createdBy>logonpf</createdBy>
<createdTime>2017-04-24 14:10:32 UTC</createdTime>
<generatorID>B3CE161B-9FFE-0D59-149E-0D27C6D5665D</generatorID>
<ownerDesignName>AULA11 - EXERC01 - PROJETOS</ownerDesignName>
<deleteRule>NO ACTION</deleteRule>
<referredTableID>4951A457-08FC-EF50-4173-24330CF8E91F</referredTableID>
<keyObject>EC3973C4-5D17-9BA1-7286-DBA75046AB45</keyObject>
<referredKeyID>EC3973C4-5D17-9BA1-7286-DBA75046AB45</referredKeyID>
<mandatory>true</mandatory>
<transferable>true</transferable>
<rely>false</rely>
<columnDependencyConstraintGenerateInDDL>true</columnDependencyConstraintGenerateInDDL>
</FKIndexAssociation>