<?xml version = '1.0' encoding = 'UTF-8'?>
<FKIndexAssociation class="oracle.dbtools.crest.model.design.relational.FKIndexAssociation" directorySegmentName="seg_0" id="B9AD9522-0CF4-90C7-1FF6-91AA08E67274" containerWithKeyObject="CE4F8BD0-F455-F915-792B-C810782C834A" localFKIndex="304B1472-458A-F082-0CB5-47320E4FF88E" name="FK_SIP_IMPLANT_PROJETO">
<createdBy>logonpf</createdBy>
<createdTime>2017-04-24 14:10:32 UTC</createdTime>
<generatorID>D10763CE-56EA-6640-CD41-6262069F03BC</generatorID>
<ownerDesignName>AULA11 - EXERC01 - PROJETOS</ownerDesignName>
<deleteRule>NO ACTION</deleteRule>
<referredTableID>80D7DFD0-1410-A062-8682-F1AD351CFB70</referredTableID>
<keyObject>2B3325DD-431A-91FD-B67E-EBCA1162DC8C</keyObject>
<referredKeyID>2B3325DD-431A-91FD-B67E-EBCA1162DC8C</referredKeyID>
<mandatory>true</mandatory>
<transferable>true</transferable>
<rely>false</rely>
<columnDependencyConstraintGenerateInDDL>true</columnDependencyConstraintGenerateInDDL>
</FKIndexAssociation>