<?xml version = '1.0' encoding = 'UTF-8'?>
<FKIndexAssociation class="oracle.dbtools.crest.model.design.relational.FKIndexAssociation" directorySegmentName="seg_0" id="D59831AD-F3EC-41EE-527E-090B2FB37DB6" containerWithKeyObject="CE4F8BD0-F455-F915-792B-C810782C834A" localFKIndex="E5F7E0AA-F081-CDBB-E591-1CABE3233C32" name="FK_SIP_IMPLANT_FUNC">
<createdBy>logonpf</createdBy>
<createdTime>2017-04-24 14:10:32 UTC</createdTime>
<generatorID>D609B988-5534-8DB2-0F85-B342C0878B86</generatorID>
<ownerDesignName>AULA11 - EXERC01 - PROJETOS</ownerDesignName>
<deleteRule>NO ACTION</deleteRule>
<referredTableID>555F76A6-877B-543E-0804-77AEF1CE65EA</referredTableID>
<keyObject>5C9CF093-3255-CB61-BF61-909092C92494</keyObject>
<referredKeyID>5C9CF093-3255-CB61-BF61-909092C92494</referredKeyID>
<mandatory>true</mandatory>
<transferable>true</transferable>
<rely>false</rely>
<columnDependencyConstraintGenerateInDDL>true</columnDependencyConstraintGenerateInDDL>
</FKIndexAssociation>