<?xml version = '1.0' encoding = 'UTF-8'?>
<FKIndexAssociation class="oracle.dbtools.crest.model.design.relational.FKIndexAssociation" directorySegmentName="seg_0" id="D6DC2818-3F36-AC3B-DB2A-AAFFA2E06C04" containerWithKeyObject="0ABA20F7-8FA9-2035-4D39-910A14DC6DDC" localFKIndex="9980939F-998A-2BC8-0D05-2EDF81965EBA" name="FK_SIP_FUNC_ENDE_ENDE">
<createdBy>logonpf</createdBy>
<createdTime>2017-04-24 14:10:32 UTC</createdTime>
<generatorID>83F8592B-ECFE-63B7-49E7-3BBBB49C5B86</generatorID>
<ownerDesignName>AULA11 - EXERC01 - PROJETOS</ownerDesignName>
<deleteRule>NO ACTION</deleteRule>
<referredTableID>B317BA1B-4208-013E-9419-C24E6B48E136</referredTableID>
<keyObject>A388B451-78BC-3DFD-5E67-658B0ABFAA7F</keyObject>
<referredKeyID>A388B451-78BC-3DFD-5E67-658B0ABFAA7F</referredKeyID>
<mandatory>true</mandatory>
<transferable>true</transferable>
<rely>false</rely>
<columnDependencyConstraintGenerateInDDL>true</columnDependencyConstraintGenerateInDDL>
</FKIndexAssociation>