<?xml version = '1.0' encoding = 'UTF-8'?>
<FKIndexAssociation class="oracle.dbtools.crest.model.design.relational.FKIndexAssociation" directorySegmentName="seg_0" id="E6DF912B-E694-026E-639D-6F83AC4D228F" containerWithKeyObject="4951A457-08FC-EF50-4173-24330CF8E91F" localFKIndex="E6537D07-A900-87E2-A614-E4188B11559F" name="FK_SIP_CIDADE_ESTADO">
<createdBy>logonpf</createdBy>
<createdTime>2017-04-24 14:10:32 UTC</createdTime>
<generatorID>C8CD68AD-94FB-5F54-A72E-EA09485F25D2</generatorID>
<ownerDesignName>AULA11 - EXERC01 - PROJETOS</ownerDesignName>
<deleteRule>NO ACTION</deleteRule>
<referredTableID>10987779-F0C5-5BC0-4BF6-3A6B5FC2EF1A</referredTableID>
<keyObject>BCA31640-2DC1-B4E5-CC26-7D0F8D7E57A8</keyObject>
<referredKeyID>BCA31640-2DC1-B4E5-CC26-7D0F8D7E57A8</referredKeyID>
<mandatory>true</mandatory>
<transferable>true</transferable>
<rely>false</rely>
<columnDependencyConstraintGenerateInDDL>true</columnDependencyConstraintGenerateInDDL>
</FKIndexAssociation>