<?xml version = '1.0' encoding = 'UTF-8'?>
<Diagram class="oracle.dbtools.crest.swingui.logical.DPVLogical" name="Logical" id="206893CF-5409-102E-3211-D8AB5CBA80AE">
<createdBy>logonpf</createdBy>
<modifiedBy>logonpf</modifiedBy>
<createdTime>2017-03-20 12:17:08 UTC</createdTime>
<autoRoute>false</autoRoute>
<boxInbox>true</boxInbox>
<showLegend>false</showLegend>
<showLabels>false</showLabels>
<showRelAttributes>false</showRelAttributes>
<gridEnabled>false</gridEnabled>
<showGrid>false</showGrid>
<diagramColor>-1</diagramColor>
<display>false</display>
<notation>1</notation>
<showAllDetails>false</showAllDetails>
<showElements>true</showElements>
<showDatatype>true</showDatatype>
<objectViews>
<OView class="oracle.dbtools.crest.swingui.logical.TVEntity" oid="116A8AD2-B1E1-8813-8403-E04D02552A1C" otype="Entity" vid="AB5EAE07-B682-C8D6-DDB4-0D9739B82B7F">
<hideElementsInCurrentOnly>false</hideElementsInCurrentOnly>
<bounds x="8" y="84" width="206" height="85"/>
<useCustomFormat>true</useCustomFormat>
<useDefaultColor>false</useDefaultColor>
<backgroundColor>-205</backgroundColor>
<foregroundColor>-16776961</foregroundColor>
<fonts itemClass="oracle.dbtools.crest.model.design.FontObjectWr">
<FontObject>
<foType>Title</foType>
<fontStyle>1</fontStyle>
<colorRGB>-16776961</colorRGB>
</FontObject>
<FontObject>
<foType>Attribute</foType>
<colorRGB>-16777216</colorRGB>
</FontObject>
<FontObject>
<foType>Datatype</foType>
<colorRGB>-16744448</colorRGB>
</FontObject>
<FontObject>
<foType>PK Element</foType>
<colorRGB>-16776961</colorRGB>
</FontObject>
<FontObject>
<foType>FK Element</foType>
<colorRGB>-16777216</colorRGB>
</FontObject>
<FontObject>
<foType>UK Element</foType>
<colorRGB>-16776961</colorRGB>
</FontObject>
<FontObject>
<foType>Not Null</foType>
<colorRGB>-65536</colorRGB>
</FontObject>
<FontObject>
<foType>Key</foType>
<colorRGB>-16777216</colorRGB>
</FontObject>
<FontObject>
<foType>Comments</foType>
<colorRGB>-12566464</colorRGB>
</FontObject>
</fonts>
</OView>
<OView class="oracle.dbtools.crest.swingui.logical.TVEntity" oid="30ED1ACD-696D-4F36-33A7-5D8E81B7D8AF" otype="Entity" vid="B1034DE7-22D4-86C0-AB68-D3BEC1D770A2">
<hideElementsInCurrentOnly>false</hideElementsInCurrentOnly>
<bounds x="569" y="350" width="172" height="73"/>
<useCustomFormat>true</useCustomFormat>
<useDefaultColor>false</useDefaultColor>
<backgroundColor>-6684775</backgroundColor>
<foregroundColor>-16776961</foregroundColor>
<fonts itemClass="oracle.dbtools.crest.model.design.FontObjectWr">
<FontObject>
<foType>Title</foType>
<fontStyle>1</fontStyle>
<colorRGB>-16776961</colorRGB>
</FontObject>
<FontObject>
<foType>Attribute</foType>
<colorRGB>-16777216</colorRGB>
</FontObject>
<FontObject>
<foType>Datatype</foType>
<colorRGB>-16744448</colorRGB>
</FontObject>
<FontObject>
<foType>PK Element</foType>
<colorRGB>-16776961</colorRGB>
</FontObject>
<FontObject>
<foType>FK Element</foType>
<colorRGB>-16777216</colorRGB>
</FontObject>
<FontObject>
<foType>UK Element</foType>
<colorRGB>-16776961</colorRGB>
</FontObject>
<FontObject>
<foType>Not Null</foType>
<colorRGB>-65536</colorRGB>
</FontObject>
<FontObject>
<foType>Key</foType>
<colorRGB>-16777216</colorRGB>
</FontObject>
<FontObject>
<foType>Comments</foType>
<colorRGB>-12566464</colorRGB>
</FontObject>
</fonts>
</OView>
<OView class="oracle.dbtools.crest.swingui.logical.TVEntity" oid="5DECBF07-20B8-665B-A3D6-912A8D7D4821" otype="Entity" vid="8BCDABF0-8CA1-4FC6-60A1-AA120662BD7C">
<hideElementsInCurrentOnly>false</hideElementsInCurrentOnly>
<bounds x="314" y="200" width="195" height="97"/>
<useCustomFormat>true</useCustomFormat>
<useDefaultColor>false</useDefaultColor>
<backgroundColor>-205</backgroundColor>
<foregroundColor>-16776961</foregroundColor>
<fonts itemClass="oracle.dbtools.crest.model.design.FontObjectWr">
<FontObject>
<foType>Title</foType>
<fontStyle>1</fontStyle>
<colorRGB>-16776961</colorRGB>
</FontObject>
<FontObject>
<foType>Attribute</foType>
<colorRGB>-16777216</colorRGB>
</FontObject>
<FontObject>
<foType>Datatype</foType>
<colorRGB>-16744448</colorRGB>
</FontObject>
<FontObject>
<foType>PK Element</foType>
<colorRGB>-16776961</colorRGB>
</FontObject>
<FontObject>
<foType>FK Element</foType>
<colorRGB>-16777216</colorRGB>
</FontObject>
<FontObject>
<foType>UK Element</foType>
<colorRGB>-16776961</colorRGB>
</FontObject>
<FontObject>
<foType>Not Null</foType>
<colorRGB>-65536</colorRGB>
</FontObject>
<FontObject>
<foType>Key</foType>
<colorRGB>-16777216</colorRGB>
</FontObject>
<FontObject>
<foType>Comments</foType>
<colorRGB>-12566464</colorRGB>
</FontObject>
</fonts>
</OView>
<OView class="oracle.dbtools.crest.swingui.logical.TVEntity" oid="75BB9B2E-93B0-674A-BC7B-77AA24C3B949" otype="Entity" vid="0395AEB7-BEF4-1585-6080-2D2C53381E4A">
<hideElementsInCurrentOnly>false</hideElementsInCurrentOnly>
<bounds x="303" y="12" width="196" height="129"/>
</OView>
<OView class="oracle.dbtools.crest.swingui.logical.TVEntity" oid="810D356B-B651-3E9E-D77B-9A0F746EE8A3" otype="Entity" vid="0EA75574-B57F-4404-4FD9-EF63EF51AAB6">
<hideElementsInCurrentOnly>false</hideElementsInCurrentOnly>
<bounds x="4" y="212" width="195" height="79"/>
<useCustomFormat>true</useCustomFormat>
<useDefaultColor>false</useDefaultColor>
<backgroundColor>-6684775</backgroundColor>
<foregroundColor>-16776961</foregroundColor>
<fonts itemClass="oracle.dbtools.crest.model.design.FontObjectWr">
<FontObject>
<foType>Title</foType>
<fontStyle>1</fontStyle>
<colorRGB>-16776961</colorRGB>
</FontObject>
<FontObject>
<foType>Attribute</foType>
<colorRGB>-16777216</colorRGB>
</FontObject>
<FontObject>
<foType>Datatype</foType>
<colorRGB>-16744448</colorRGB>
</FontObject>
<FontObject>
<foType>PK Element</foType>
<colorRGB>-16776961</colorRGB>
</FontObject>
<FontObject>
<foType>FK Element</foType>
<colorRGB>-16777216</colorRGB>
</FontObject>
<FontObject>
<foType>UK Element</foType>
<colorRGB>-16776961</colorRGB>
</FontObject>
<FontObject>
<foType>Not Null</foType>
<colorRGB>-65536</colorRGB>
</FontObject>
<FontObject>
<foType>Key</foType>
<colorRGB>-16777216</colorRGB>
</FontObject>
<FontObject>
<foType>Comments</foType>
<colorRGB>-12566464</colorRGB>
</FontObject>
</fonts>
</OView>
<OView class="oracle.dbtools.crest.swingui.logical.TVEntity" oid="8906B641-5F0C-25AB-2630-D19A4C98DB35" otype="Entity" vid="B6A06614-29D0-DD08-F9ED-FE3C26056ED1">
<hideElementsInCurrentOnly>false</hideElementsInCurrentOnly>
<bounds x="163" y="299" width="177" height="54"/>
<useCustomFormat>true</useCustomFormat>
<useDefaultColor>false</useDefaultColor>
<backgroundColor>-6684775</backgroundColor>
<foregroundColor>-16776961</foregroundColor>
<fonts itemClass="oracle.dbtools.crest.model.design.FontObjectWr">
<FontObject>
<foType>Title</foType>
<fontStyle>1</fontStyle>
<colorRGB>-16776961</colorRGB>
</FontObject>
<FontObject>
<foType>Attribute</foType>
<colorRGB>-16777216</colorRGB>
</FontObject>
<FontObject>
<foType>Datatype</foType>
<colorRGB>-16744448</colorRGB>
</FontObject>
<FontObject>
<foType>PK Element</foType>
<colorRGB>-16776961</colorRGB>
</FontObject>
<FontObject>
<foType>FK Element</foType>
<colorRGB>-16777216</colorRGB>
</FontObject>
<FontObject>
<foType>UK Element</foType>
<colorRGB>-16776961</colorRGB>
</FontObject>
<FontObject>
<foType>Not Null</foType>
<colorRGB>-65536</colorRGB>
</FontObject>
<FontObject>
<foType>Key</foType>
<colorRGB>-16777216</colorRGB>
</FontObject>
<FontObject>
<foType>Comments</foType>
<colorRGB>-12566464</colorRGB>
</FontObject>
</fonts>
</OView>
<OView class="oracle.dbtools.crest.swingui.logical.TVEntity" oid="A92F77F0-3A16-47E0-3E07-EB200DF006FF" otype="Entity" vid="3782C8C2-3734-FDE1-B1F6-C4F8DF9F5C52">
<hideElementsInCurrentOnly>false</hideElementsInCurrentOnly>
<bounds x="609" y="211" width="166" height="80"/>
</OView>
<OView class="oracle.dbtools.crest.swingui.logical.TVEntity" oid="AE2BFBFB-CC4E-2A5C-D198-21A39B4FB4BF" otype="Entity" vid="1CDEDDB2-95AB-8B14-BC1B-C1D7DAFB1EEF">
<hideElementsInCurrentOnly>false</hideElementsInCurrentOnly>
<bounds x="4" y="12" width="165" height="66"/>
</OView>
<OView class="oracle.dbtools.crest.swingui.logical.TVEntity" oid="AF787E04-107F-1A93-0E8A-D879EC34D880" otype="Entity" vid="ACAB0320-E5B5-E1D3-1D5B-F772C4D85AA1">
<hideElementsInCurrentOnly>false</hideElementsInCurrentOnly>
<bounds x="297" y="356" width="167" height="68"/>
<useCustomFormat>true</useCustomFormat>
<useDefaultColor>false</useDefaultColor>
<backgroundColor>-6684775</backgroundColor>
<foregroundColor>-16776961</foregroundColor>
<fonts itemClass="oracle.dbtools.crest.model.design.FontObjectWr">
<FontObject>
<foType>Title</foType>
<fontStyle>1</fontStyle>
<colorRGB>-16776961</colorRGB>
</FontObject>
<FontObject>
<foType>Attribute</foType>
<colorRGB>-16777216</colorRGB>
</FontObject>
<FontObject>
<foType>Datatype</foType>
<colorRGB>-16744448</colorRGB>
</FontObject>
<FontObject>
<foType>PK Element</foType>
<colorRGB>-16776961</colorRGB>
</FontObject>
<FontObject>
<foType>FK Element</foType>
<colorRGB>-16777216</colorRGB>
</FontObject>
<FontObject>
<foType>UK Element</foType>
<colorRGB>-16776961</colorRGB>
</FontObject>
<FontObject>
<foType>Not Null</foType>
<colorRGB>-65536</colorRGB>
</FontObject>
<FontObject>
<foType>Key</foType>
<colorRGB>-16777216</colorRGB>
</FontObject>
<FontObject>
<foType>Comments</foType>
<colorRGB>-12566464</colorRGB>
</FontObject>
</fonts>
</OView>
<OView class="oracle.dbtools.crest.swingui.logical.TVEntity" oid="E45255E4-4018-E790-03A6-4460D9B1BBAD" otype="Entity" vid="6446C96B-5AA6-FCAD-A9A2-35393F4A8CEB">
<hideElementsInCurrentOnly>false</hideElementsInCurrentOnly>
<bounds x="8" y="354" width="162" height="71"/>
<useCustomFormat>true</useCustomFormat>
<useDefaultColor>false</useDefaultColor>
<backgroundColor>-6684775</backgroundColor>
<foregroundColor>-16776961</foregroundColor>
<fonts itemClass="oracle.dbtools.crest.model.design.FontObjectWr">
<FontObject>
<foType>Title</foType>
<fontStyle>1</fontStyle>
<colorRGB>-16776961</colorRGB>
</FontObject>
<FontObject>
<foType>Attribute</foType>
<colorRGB>-16777216</colorRGB>
</FontObject>
<FontObject>
<foType>Datatype</foType>
<colorRGB>-16744448</colorRGB>
</FontObject>
<FontObject>
<foType>PK Element</foType>
<colorRGB>-16776961</colorRGB>
</FontObject>
<FontObject>
<foType>FK Element</foType>
<colorRGB>-16777216</colorRGB>
</FontObject>
<FontObject>
<foType>UK Element</foType>
<colorRGB>-16776961</colorRGB>
</FontObject>
<FontObject>
<foType>Not Null</foType>
<colorRGB>-65536</colorRGB>
</FontObject>
<FontObject>
<foType>Key</foType>
<colorRGB>-16777216</colorRGB>
</FontObject>
<FontObject>
<foType>Comments</foType>
<colorRGB>-12566464</colorRGB>
</FontObject>
</fonts>
</OView>
<OView class="oracle.dbtools.crest.swingui.logical.TVEntity" oid="ED018394-F701-36FF-AE33-DE7146EBB137" otype="Entity" vid="E27B0BD8-D0CD-7D24-19E5-10CBAD858264">
<hideElementsInCurrentOnly>false</hideElementsInCurrentOnly>
<bounds x="598" y="12" width="189" height="91"/>
</OView>
</objectViews>
<connectors>
<Connector class="oracle.dbtools.crest.swingui.logical.TVRelation" oid="4B4F7034-5C13-AD3A-83AC-52EE87E4FD06" otype="Relation" vid_source="0395AEB7-BEF4-1585-6080-2D2C53381E4A" vid_target="AB5EAE07-B682-C8D6-DDB4-0D9739B82B7F">
<hideElementsInCurrentOnly>false</hideElementsInCurrentOnly>
<lineWidth>1</lineWidth>
<points>
<point x="303" y="112"/>
<point x="214" y="112"/>
</points>
</Connector>
<Connector class="oracle.dbtools.crest.swingui.logical.TVRelation" oid="7263A996-FF16-E519-09DF-809EFDA364AA" otype="Relation" vid_source="B6A06614-29D0-DD08-F9ED-FE3C26056ED1" vid_target="0EA75574-B57F-4404-4FD9-EF63EF51AAB6">
<hideElementsInCurrentOnly>false</hideElementsInCurrentOnly>
<lineWidth>1</lineWidth>
<points>
<point x="258" y="299"/>
<point x="258" y="238"/>
<point x="199" y="238"/>
</points>
</Connector>
<Connector class="oracle.dbtools.crest.swingui.logical.TVRelation" oid="83F8592B-ECFE-63B7-49E7-3BBBB49C5B86" otype="Relation" vid_source="0EA75574-B57F-4404-4FD9-EF63EF51AAB6" vid_target="AB5EAE07-B682-C8D6-DDB4-0D9739B82B7F">
<hideElementsInCurrentOnly>false</hideElementsInCurrentOnly>
<lineWidth>1</lineWidth>
<points>
<point x="103" y="212"/>
<point x="103" y="169"/>
</points>
</Connector>
<Connector class="oracle.dbtools.crest.swingui.logical.TVRelation" oid="B24F6DDB-AD6A-6FA3-009E-03D07925B38C" otype="Relation" vid_source="1CDEDDB2-95AB-8B14-BC1B-C1D7DAFB1EEF" vid_target="0395AEB7-BEF4-1585-6080-2D2C53381E4A">
<hideElementsInCurrentOnly>false</hideElementsInCurrentOnly>
<lineWidth>1</lineWidth>
<points>
<point x="169" y="45"/>
<point x="303" y="45"/>
</points>
</Connector>
<Connector class="oracle.dbtools.crest.swingui.logical.TVRelation" oid="B3CE161B-9FFE-0D59-149E-0D27C6D5665D" otype="Relation" vid_source="ACAB0320-E5B5-E1D3-1D5B-F772C4D85AA1" vid_target="6446C96B-5AA6-FCAD-A9A2-35393F4A8CEB">
<hideElementsInCurrentOnly>false</hideElementsInCurrentOnly>
<lineWidth>1</lineWidth>
<points>
<point x="297" y="390"/>
<point x="170" y="390"/>
</points>
</Connector>
<Connector class="oracle.dbtools.crest.swingui.logical.TVRelation" oid="C8CD68AD-94FB-5F54-A72E-EA09485F25D2" otype="Relation" vid_source="B1034DE7-22D4-86C0-AB68-D3BEC1D770A2" vid_target="ACAB0320-E5B5-E1D3-1D5B-F772C4D85AA1">
<hideElementsInCurrentOnly>false</hideElementsInCurrentOnly>
<lineWidth>1</lineWidth>
<points>
<point x="569" y="389"/>
<point x="464" y="389"/>
</points>
</Connector>
<Connector class="oracle.dbtools.crest.swingui.logical.TVRelation" oid="D10763CE-56EA-6640-CD41-6262069F03BC" otype="Relation" vid_source="3782C8C2-3734-FDE1-B1F6-C4F8DF9F5C52" vid_target="8BCDABF0-8CA1-4FC6-60A1-AA120662BD7C">
<hideElementsInCurrentOnly>false</hideElementsInCurrentOnly>
<lineWidth>1</lineWidth>
<points>
<point x="609" y="251"/>
<point x="509" y="251"/>
</points>
</Connector>
<Connector class="oracle.dbtools.crest.swingui.logical.TVRelation" oid="D609B988-5534-8DB2-0F85-B342C0878B86" otype="Relation" vid_source="0395AEB7-BEF4-1585-6080-2D2C53381E4A" vid_target="8BCDABF0-8CA1-4FC6-60A1-AA120662BD7C">
<hideElementsInCurrentOnly>false</hideElementsInCurrentOnly>
<lineWidth>1</lineWidth>
<points>
<point x="406" y="141"/>
<point x="406" y="200"/>
</points>
</Connector>
<Connector class="oracle.dbtools.crest.swingui.logical.TVRelation" oid="E95C31AD-E048-07FA-328B-B4D31B7227CB" otype="Relation" vid_source="6446C96B-5AA6-FCAD-A9A2-35393F4A8CEB" vid_target="0EA75574-B57F-4404-4FD9-EF63EF51AAB6">
<hideElementsInCurrentOnly>false</hideElementsInCurrentOnly>
<lineWidth>1</lineWidth>
<points>
<point x="89" y="354"/>
<point x="89" y="291"/>
</points>
</Connector>
<Connector class="oracle.dbtools.crest.swingui.logical.TVRelation" oid="EC920DF7-73F9-AA6D-B976-7196979CBD64" otype="Relation" vid_source="0395AEB7-BEF4-1585-6080-2D2C53381E4A" vid_target="E27B0BD8-D0CD-7D24-19E5-10CBAD858264">
<hideElementsInCurrentOnly>false</hideElementsInCurrentOnly>
<lineWidth>1</lineWidth>
<points>
<point x="499" y="57"/>
<point x="598" y="57"/>
</points>
</Connector>
</connectors>
</Diagram>