<?xml version = '1.0' encoding = 'UTF-8'?>
<StructuredType class="oracle.dbtools.crest.model.design.datatypes.StructuredType" name="XMLTYPE" directorySegmentName="seg_0" id="F72C39E0-D1CA-8821-2AD7-A1E95A37D3D1">
<createdBy>Rita</createdBy>
<createdTime>2013-03-17 17:51:35 UTC</createdTime>
<generatorID>Gerado pelo usuário</generatorID>
<ownerDesignName>AULA13_EX1_SPV_NOTA_FISCAL</ownerDesignName>
<visible>false</visible>
<predefined>true</predefined>
<final>false</final>
<instantiable>true</instantiable>
</StructuredType>