<?xml version = '1.0' encoding = 'UTF-8'?>
<Table class="oracle.dbtools.crest.model.design.relational.Table" directorySegmentName="seg_0" id="01F44976-6FF2-7077-8CE7-045D9B53978E" name="T_SPV_CLIENTE">
<createdBy>Rita</createdBy>
<createdTime>2014-08-01 19:01:52 UTC</createdTime>
<generatorID>692F186D-2A23-21E3-FA1C-8455A1004542</generatorID>
<ownerDesignName>AULA13_EX1_SPV_NOTA_FISCAL</ownerDesignName>
<allowColumnReorder>false</allowColumnReorder>
<existDependencyGenerateInDDl>true</existDependencyGenerateInDDl>
<columns itemClass="oracle.dbtools.crest.model.design.relational.Column">
<Column name="cd_cliente" id="CEAC3274-1C3E-B67F-7347-271022EC1836">
<createdBy>Rita</createdBy>
<createdTime>2014-08-01 19:01:52 UTC</createdTime>
<generatorID>6AF03064-7D53-1BC6-08B4-16B19D59A809</generatorID>
<ownerDesignName>AULA13_EX1_SPV_NOTA_FISCAL</ownerDesignName>
<useDomainConstraints>false</useDomainConstraints>
<use>1</use>
<logicalDatatype>LOGDT019</logicalDatatype>
<dataTypePrecision>5</dataTypePrecision>
<autoIncrementCycle>false</autoIncrementCycle>
</Column>
<Column name="nm_cliente" id="87F4969E-DF87-F79D-D111-918441BBB477">
<createdBy>Rita</createdBy>
<createdTime>2014-08-01 19:01:52 UTC</createdTime>
<generatorID>EC637CFD-53BE-12AC-40C6-781E997DBA98</generatorID>
<ownerDesignName>AULA13_EX1_SPV_NOTA_FISCAL</ownerDesignName>
<useDomainConstraints>false</useDomainConstraints>
<use>1</use>
<logicalDatatype>LOGDT024</logicalDatatype>
<dataTypeSize>60</dataTypeSize>
<autoIncrementCycle>false</autoIncrementCycle>
</Column>
<Column name="dt_nascimento" id="C7457510-9AED-E04A-F39E-D08CC59C156F">
<createdBy>Rita</createdBy>
<createdTime>2014-08-01 19:01:52 UTC</createdTime>
<generatorID>04457055-6719-C6EB-94E9-481692AB188D</generatorID>
<ownerDesignName>AULA13_EX1_SPV_NOTA_FISCAL</ownerDesignName>
<nullsAllowed>true</nullsAllowed>
<useDomainConstraints>false</useDomainConstraints>
<use>1</use>
<logicalDatatype>LOGDT007</logicalDatatype>
<autoIncrementCycle>false</autoIncrementCycle>
</Column>
<Column name="ds_sexo" id="D8D31A38-0405-B49D-7B61-51138095EFE1">
<createdBy>Rita</createdBy>
<createdTime>2014-08-01 19:01:52 UTC</createdTime>
<generatorID>1D5D2907-5493-6BD8-3ECD-DA24606B5511</generatorID>
<ownerDesignName>AULA13_EX1_SPV_NOTA_FISCAL</ownerDesignName>
<useDomainConstraints>false</useDomainConstraints>
<use>1</use>
<logicalDatatype>LOGDT025</logicalDatatype>
<dataTypeSize>1</dataTypeSize>
<autoIncrementCycle>false</autoIncrementCycle>
</Column>
<Column name="nr_cpf" id="44B0CBFA-5114-060F-CC4D-1A5D5D558667">
<createdBy>Rita</createdBy>
<createdTime>2014-08-01 19:01:52 UTC</createdTime>
<generatorID>540E0585-6B93-CB31-70F5-4810D17576C3</generatorID>
<ownerDesignName>AULA13_EX1_SPV_NOTA_FISCAL</ownerDesignName>
<useDomainConstraints>false</useDomainConstraints>
<use>1</use>
<logicalDatatype>LOGDT019</logicalDatatype>
<dataTypePrecision>9</dataTypePrecision>
<autoIncrementCycle>false</autoIncrementCycle>
</Column>
<Column name="nr_cpf_dig" id="480F5902-E726-CAE1-74D8-A3F982BD04A7">
<createdBy>Rita</createdBy>
<createdTime>2014-08-01 19:01:52 UTC</createdTime>
<generatorID>7E2F822F-957B-27CC-036D-0A11283BEE33</generatorID>
<ownerDesignName>AULA13_EX1_SPV_NOTA_FISCAL</ownerDesignName>
<useDomainConstraints>false</useDomainConstraints>
<use>1</use>
<logicalDatatype>LOGDT019</logicalDatatype>
<dataTypePrecision>2</dataTypePrecision>
<autoIncrementCycle>false</autoIncrementCycle>
</Column>
<Column name="nr_rg" id="42D67F38-DBDB-9F1F-6CBA-A2971444C38B">
<createdBy>Rita</createdBy>
<createdTime>2014-08-01 19:01:52 UTC</createdTime>
<generatorID>AB9DCBE7-BCBE-8B20-BAB9-01BBE7B27778</generatorID>
<ownerDesignName>AULA13_EX1_SPV_NOTA_FISCAL</ownerDesignName>
<useDomainConstraints>false</useDomainConstraints>
<use>1</use>
<logicalDatatype>LOGDT019</logicalDatatype>
<dataTypePrecision>9</dataTypePrecision>
<autoIncrementCycle>false</autoIncrementCycle>
</Column>
<Column name="nr_rg_dig" id="D37D5CB4-C14D-2918-4788-F93FC8E45F8A">
<createdBy>Rita</createdBy>
<createdTime>2014-08-01 19:01:52 UTC</createdTime>
<generatorID>91AB3356-A64A-20D4-5F1A-0FEDF3A33D64</generatorID>
<ownerDesignName>AULA13_EX1_SPV_NOTA_FISCAL</ownerDesignName>
<useDomainConstraints>false</useDomainConstraints>
<use>1</use>
<logicalDatatype>LOGDT025</logicalDatatype>
<dataTypeSize>1</dataTypeSize>
<autoIncrementCycle>false</autoIncrementCycle>
</Column>
<Column name="ds_email" id="7A61A982-3EE6-1198-072A-495A5CAF4629">
<createdBy>Rita</createdBy>
<createdTime>2014-08-01 19:01:53 UTC</createdTime>
<generatorID>3ED7E61E-C622-285D-722C-F762677FAA6D</generatorID>
<ownerDesignName>AULA13_EX1_SPV_NOTA_FISCAL</ownerDesignName>
<nullsAllowed>true</nullsAllowed>
<useDomainConstraints>false</useDomainConstraints>
<use>1</use>
<logicalDatatype>LOGDT024</logicalDatatype>
<dataTypeSize>80</dataTypeSize>
<autoIncrementCycle>false</autoIncrementCycle>
</Column>
</columns>
<indexes itemClass="oracle.dbtools.crest.model.design.relational.Index">
<ind_PK_UK id="579884C9-EFB4-A24A-2A66-DF628532A714" name="PK_SPV_CLIENTE">
<createdBy>Rita</createdBy>
<createdTime>2014-08-01 19:01:53 UTC</createdTime>
<generatorID>E7FB23E0-38EC-EBE2-6365-9E639B8833A5</generatorID>
<ownerDesignName>AULA13_EX1_SPV_NOTA_FISCAL</ownerDesignName>
<pk>true</pk>
<indexState>Primary Constraint</indexState>
<isSurrogateKey>false</isSurrogateKey>
<indexColumnUsage>
<colUsage columnID="CEAC3274-1C3E-B67F-7347-271022EC1836"/>
</indexColumnUsage>
</ind_PK_UK>
</indexes>
</Table>