<?xml version = '1.0' encoding = 'UTF-8'?>
<Table class="oracle.dbtools.crest.model.design.relational.Table" directorySegmentName="seg_0" id="0B9A4A3D-60C8-5797-116E-BE4FEE757FBD" name="T_SPV_NOTA_FISCAL">
<createdBy>Rita</createdBy>
<createdTime>2014-08-01 19:01:53 UTC</createdTime>
<generatorID>058EE57A-CC60-EC21-A4E4-A159B09916B8</generatorID>
<ownerDesignName>AULA13_EX1_SPV_NOTA_FISCAL</ownerDesignName>
<allowColumnReorder>false</allowColumnReorder>
<existDependencyGenerateInDDl>true</existDependencyGenerateInDDl>
<columns itemClass="oracle.dbtools.crest.model.design.relational.Column">
<Column name="nr_nota_fiscal" id="EAFBBDEE-C7A9-B62D-9DD2-8C00FDE56C8E">
<createdBy>Rita</createdBy>
<createdTime>2014-08-01 19:01:53 UTC</createdTime>
<generatorID>F313BD54-D13C-DA89-299B-C7796F9F60C8</generatorID>
<ownerDesignName>AULA13_EX1_SPV_NOTA_FISCAL</ownerDesignName>
<useDomainConstraints>false</useDomainConstraints>
<use>1</use>
<logicalDatatype>LOGDT019</logicalDatatype>
<dataTypePrecision>6</dataTypePrecision>
<autoIncrementCycle>false</autoIncrementCycle>
</Column>
<Column name="cd_classificacao_fiscal" id="D5703065-D800-2306-98C8-D444476B47DB">
<createdBy>Rita</createdBy>
<createdTime>2014-08-01 19:01:53 UTC</createdTime>
<generatorID>DA7EB971-348F-9978-8612-A73F6BF1787F</generatorID>
<ownerDesignName>AULA13_EX1_SPV_NOTA_FISCAL</ownerDesignName>
<useDomainConstraints>false</useDomainConstraints>
<use>1</use>
<logicalDatatype>LOGDT019</logicalDatatype>
<dataTypePrecision>4</dataTypePrecision>
<dataTypeScale>0</dataTypeScale>
<delegate>33AEA963-B04F-F25C-0120-D94484CFDE92</delegate>
<previousColumn>false</previousColumn>
<autoIncrementCycle>false</autoIncrementCycle>
<associations>
<colAssociation fkAssociation="75D44C45-919E-415F-4C6D-9DA16C4872E5" referredColumn="33AEA963-B04F-F25C-0120-D94484CFDE92"/>
</associations>
</Column>
<Column name="cd_cliente" id="D9D2617F-2D14-FDA6-0FE0-FA77F8EFB940">
<createdBy>Rita</createdBy>
<createdTime>2014-08-01 19:01:53 UTC</createdTime>
<generatorID>5AC220F7-14EE-7BF0-C2BA-60DDFD6A80E2</generatorID>
<ownerDesignName>AULA13_EX1_SPV_NOTA_FISCAL</ownerDesignName>
<useDomainConstraints>false</useDomainConstraints>
<use>1</use>
<logicalDatatype>LOGDT019</logicalDatatype>
<dataTypePrecision>5</dataTypePrecision>
<delegate>CEAC3274-1C3E-B67F-7347-271022EC1836</delegate>
<previousColumn>false</previousColumn>
<autoIncrementCycle>false</autoIncrementCycle>
<associations>
<colAssociation fkAssociation="9BD118BE-D981-B77D-B418-F34F70B6854B" referredColumn="CEAC3274-1C3E-B67F-7347-271022EC1836"/>
</associations>
</Column>
<Column name="dt_emissao" id="4461E18A-157A-7400-4BE3-C7028849F3AF">
<createdBy>Rita</createdBy>
<createdTime>2014-08-01 19:01:53 UTC</createdTime>
<generatorID>B23BF961-0F96-4546-09EA-0083A6AA417F</generatorID>
<ownerDesignName>AULA13_EX1_SPV_NOTA_FISCAL</ownerDesignName>
<useDomainConstraints>false</useDomainConstraints>
<use>1</use>
<logicalDatatype>LOGDT007</logicalDatatype>
<autoIncrementCycle>false</autoIncrementCycle>
</Column>
<Column name="vl_total_nf" id="DA915720-FBFE-2A31-65B0-3252BB5F8A70">
<createdBy>Rita</createdBy>
<createdTime>2014-08-01 19:01:53 UTC</createdTime>
<generatorID>A7CA8935-E1DE-02D8-DF6B-7EE2CD2930EB</generatorID>
<ownerDesignName>AULA13_EX1_SPV_NOTA_FISCAL</ownerDesignName>
<useDomainConstraints>false</useDomainConstraints>
<use>1</use>
<logicalDatatype>LOGDT019</logicalDatatype>
<dataTypePrecision>8</dataTypePrecision>
<dataTypeScale>2</dataTypeScale>
<autoIncrementCycle>false</autoIncrementCycle>
</Column>
<Column name="ds_tipo" id="D93ED098-48F6-BC11-043A-92C71262FFBE">
<createdBy>Rita</createdBy>
<createdTime>2014-08-01 19:01:53 UTC</createdTime>
<comment>1- Entrada&lt;br/&gt;2- Saída</comment>
<generatorID>8C1FB4EE-155E-6202-4A58-7B376CCD1114</generatorID>
<ownerDesignName>AULA13_EX1_SPV_NOTA_FISCAL</ownerDesignName>
<useDomainConstraints>false</useDomainConstraints>
<use>1</use>
<logicalDatatype>LOGDT019</logicalDatatype>
<dataTypePrecision>1</dataTypePrecision>
<dataTypeScale>0</dataTypeScale>
<autoIncrementCycle>false</autoIncrementCycle>
</Column>
<Column name="vl_desconto" id="A05A4DE5-1BA0-6FD9-1248-45C193F7DC09">
<createdBy>Rita</createdBy>
<createdTime>2014-08-01 19:01:53 UTC</createdTime>
<comment>percentual de desconto</comment>
<generatorID>FAFCB294-9451-286E-D8D7-9FD5EDC38F95</generatorID>
<ownerDesignName>AULA13_EX1_SPV_NOTA_FISCAL</ownerDesignName>
<nullsAllowed>true</nullsAllowed>
<useDomainConstraints>false</useDomainConstraints>
<use>1</use>
<logicalDatatype>LOGDT019</logicalDatatype>
<dataTypePrecision>3</dataTypePrecision>
<dataTypeScale>1</dataTypeScale>
<autoIncrementCycle>false</autoIncrementCycle>
</Column>
</columns>
<indexes itemClass="oracle.dbtools.crest.model.design.relational.Index">
<ind_PK_UK id="105B770F-3424-C428-820B-25F0A99EF52F" name="PK_SPV_NOTA_FISCAL">
<createdBy>Rita</createdBy>
<createdTime>2014-08-01 19:01:53 UTC</createdTime>
<generatorID>54BEA0BC-5FAC-F3AC-AA65-48B34AB3A8CA</generatorID>
<ownerDesignName>AULA13_EX1_SPV_NOTA_FISCAL</ownerDesignName>
<pk>true</pk>
<indexState>Primary Constraint</indexState>
<isSurrogateKey>false</isSurrogateKey>
<indexColumnUsage>
<colUsage columnID="EAFBBDEE-C7A9-B62D-9DD2-8C00FDE56C8E"/>
</indexColumnUsage>
</ind_PK_UK>
<ind_PK_UK id="54277384-BB49-4333-132F-2AF84E192B94" name="FK_SPV_NF_CLIENTE">
<createdBy>Rita</createdBy>
<createdTime>2014-08-01 19:01:53 UTC</createdTime>
<generatorID>0FD683A7-7ED8-59BA-ADF3-E4BBC19237F7</generatorID>
<ownerDesignName>AULA13_EX1_SPV_NOTA_FISCAL</ownerDesignName>
<indexState>Foreign Key</indexState>
<isSurrogateKey>false</isSurrogateKey>
<indexColumnUsage>
<colUsage columnID="D9D2617F-2D14-FDA6-0FE0-FA77F8EFB940"/>
</indexColumnUsage>
</ind_PK_UK>
<ind_PK_UK id="1B7F57BE-E8AF-EC3B-351C-4344EBFC9045" name="FK_SPV_NF_CLASSIF">
<createdBy>Rita</createdBy>
<createdTime>2014-08-01 19:01:53 UTC</createdTime>
<generatorID>05605764-1056-174D-CFC0-AE9753E55C38</generatorID>
<ownerDesignName>AULA13_EX1_SPV_NOTA_FISCAL</ownerDesignName>
<indexState>Foreign Key</indexState>
<isSurrogateKey>false</isSurrogateKey>
<indexColumnUsage>
<colUsage columnID="D5703065-D800-2306-98C8-D444476B47DB"/>
</indexColumnUsage>
</ind_PK_UK>
</indexes>
</Table>