<?xml version = '1.0' encoding = 'UTF-8'?>
<Table class="oracle.dbtools.crest.model.design.relational.Table" directorySegmentName="seg_0" id="242A31A7-B504-1EE1-EAF9-7C80B5B5220F" name="T_SPV_PRODUTO">
<createdBy>Rita</createdBy>
<createdTime>2014-08-01 19:01:53 UTC</createdTime>
<generatorID>EF430F6E-EE27-6B18-5B4C-3EA0E2E66FDE</generatorID>
<ownerDesignName>AULA13_EX1_SPV_NOTA_FISCAL</ownerDesignName>
<allowColumnReorder>false</allowColumnReorder>
<existDependencyGenerateInDDl>true</existDependencyGenerateInDDl>
<columns itemClass="oracle.dbtools.crest.model.design.relational.Column">
<Column name="cd_produto" id="28D5446C-6A6E-A406-4822-B551B3D966A4">
<createdBy>Rita</createdBy>
<createdTime>2014-08-01 19:01:53 UTC</createdTime>
<generatorID>2D37198D-9FA4-BAE7-4837-EC3CD83317B1</generatorID>
<ownerDesignName>AULA13_EX1_SPV_NOTA_FISCAL</ownerDesignName>
<useDomainConstraints>false</useDomainConstraints>
<use>1</use>
<logicalDatatype>LOGDT019</logicalDatatype>
<dataTypePrecision>6</dataTypePrecision>
<autoIncrementCycle>false</autoIncrementCycle>
</Column>
<Column name="cd_unidade_medida" id="A216B1F3-7181-4AFF-C9B7-7CD822AB6EA9">
<createdBy>Rita</createdBy>
<createdTime>2014-08-01 19:01:53 UTC</createdTime>
<generatorID>02AAB2BD-556F-FF84-8669-7266E61FF2EA</generatorID>
<ownerDesignName>AULA13_EX1_SPV_NOTA_FISCAL</ownerDesignName>
<useDomainConstraints>false</useDomainConstraints>
<use>1</use>
<logicalDatatype>LOGDT019</logicalDatatype>
<dataTypePrecision>2</dataTypePrecision>
<dataTypeScale>0</dataTypeScale>
<delegate>DFF0ABF9-565B-E086-17DD-5D90032D687D</delegate>
<previousColumn>false</previousColumn>
<autoIncrementCycle>false</autoIncrementCycle>
<associations>
<colAssociation fkAssociation="1DEAAF2C-490A-E387-3A75-07D5FCCEE0B0" referredColumn="DFF0ABF9-565B-E086-17DD-5D90032D687D"/>
</associations>
</Column>
<Column name="ds_produto" id="59425E31-0749-257B-8EDF-671431C16742">
<createdBy>Rita</createdBy>
<createdTime>2014-08-01 19:01:53 UTC</createdTime>
<generatorID>FE4EAD97-4AD3-9619-CB63-BA30763AF47E</generatorID>
<ownerDesignName>AULA13_EX1_SPV_NOTA_FISCAL</ownerDesignName>
<useDomainConstraints>false</useDomainConstraints>
<use>1</use>
<logicalDatatype>LOGDT024</logicalDatatype>
<dataTypeSize>20</dataTypeSize>
<autoIncrementCycle>false</autoIncrementCycle>
</Column>
<Column name="ds_completa_produto" id="17DB8A40-3234-F22C-3790-4F0CBFA5DCE2">
<createdBy>Rita</createdBy>
<createdTime>2014-08-01 19:01:53 UTC</createdTime>
<generatorID>FA7306D8-3E89-BEA6-27C9-F3ECF2F82CF5</generatorID>
<ownerDesignName>AULA13_EX1_SPV_NOTA_FISCAL</ownerDesignName>
<useDomainConstraints>false</useDomainConstraints>
<use>1</use>
<logicalDatatype>LOGDT024</logicalDatatype>
<dataTypeSize>128</dataTypeSize>
<autoIncrementCycle>false</autoIncrementCycle>
</Column>
<Column name="qt_estoque" id="154254A3-D3F8-3D3F-D5BB-0BDF8001B2D7">
<createdBy>Rita</createdBy>
<createdTime>2014-08-01 19:01:53 UTC</createdTime>
<generatorID>D254972B-F599-E9BB-37B0-DBD0AF39C7E4</generatorID>
<ownerDesignName>AULA13_EX1_SPV_NOTA_FISCAL</ownerDesignName>
<useDomainConstraints>false</useDomainConstraints>
<use>1</use>
<logicalDatatype>LOGDT019</logicalDatatype>
<dataTypePrecision>4</dataTypePrecision>
<dataTypeScale>0</dataTypeScale>
<autoIncrementCycle>false</autoIncrementCycle>
</Column>
<Column name="vl_preco_unitario" id="10F7FFAA-05D9-E107-72AD-56B10A537B54">
<createdBy>Rita</createdBy>
<createdTime>2014-08-01 19:01:53 UTC</createdTime>
<generatorID>8A1A643F-7FF4-7504-98EC-E86625EF82E6</generatorID>
<ownerDesignName>AULA13_EX1_SPV_NOTA_FISCAL</ownerDesignName>
<useDomainConstraints>false</useDomainConstraints>
<use>1</use>
<logicalDatatype>LOGDT019</logicalDatatype>
<dataTypePrecision>6</dataTypePrecision>
<dataTypeScale>2</dataTypeScale>
<autoIncrementCycle>false</autoIncrementCycle>
</Column>
</columns>
<indexes itemClass="oracle.dbtools.crest.model.design.relational.Index">
<ind_PK_UK id="D887D3FC-ECAC-9F27-5B76-2781F472DA84" name="PK_SPV_PRODUTO">
<createdBy>Rita</createdBy>
<createdTime>2014-08-01 19:01:53 UTC</createdTime>
<generatorID>56FB5BE4-BCA9-8A47-05CE-7EAC231C7E19</generatorID>
<ownerDesignName>AULA13_EX1_SPV_NOTA_FISCAL</ownerDesignName>
<pk>true</pk>
<indexState>Primary Constraint</indexState>
<isSurrogateKey>false</isSurrogateKey>
<indexColumnUsage>
<colUsage columnID="28D5446C-6A6E-A406-4822-B551B3D966A4"/>
</indexColumnUsage>
</ind_PK_UK>
<ind_PK_UK id="0F8D1D92-CD1C-DECE-3D55-2E4DA8661B05" name="FK_SPV_PROD_UNID_MEDIDA">
<createdBy>Rita</createdBy>
<createdTime>2014-08-01 19:01:53 UTC</createdTime>
<generatorID>F3877700-42D8-32EC-E479-1FAB20AEEC24</generatorID>
<ownerDesignName>AULA13_EX1_SPV_NOTA_FISCAL</ownerDesignName>
<indexState>Foreign Key</indexState>
<isSurrogateKey>false</isSurrogateKey>
<indexColumnUsage>
<colUsage columnID="A216B1F3-7181-4AFF-C9B7-7CD822AB6EA9"/>
</indexColumnUsage>
</ind_PK_UK>
</indexes>
</Table>