<?xml version = '1.0' encoding = 'UTF-8'?>
<Table class="oracle.dbtools.crest.model.design.relational.Table" directorySegmentName="seg_0" id="42268BBD-86CB-10C3-BD2A-83806B2FAA0F" name="T_SPV_UNIDADE_MEDIDA">
<createdBy>Rita</createdBy>
<createdTime>2014-08-01 19:01:53 UTC</createdTime>
<generatorID>4678EB0D-5E08-3027-165B-448262C4B994</generatorID>
<ownerDesignName>AULA13_EX1_SPV_NOTA_FISCAL</ownerDesignName>
<allowColumnReorder>false</allowColumnReorder>
<existDependencyGenerateInDDl>true</existDependencyGenerateInDDl>
<columns itemClass="oracle.dbtools.crest.model.design.relational.Column">
<Column name="cd_unidade_medida" id="DFF0ABF9-565B-E086-17DD-5D90032D687D">
<createdBy>Rita</createdBy>
<createdTime>2014-08-01 19:01:53 UTC</createdTime>
<generatorID>3983645B-8B7E-0166-626D-7A70412C3923</generatorID>
<ownerDesignName>AULA13_EX1_SPV_NOTA_FISCAL</ownerDesignName>
<useDomainConstraints>false</useDomainConstraints>
<use>1</use>
<logicalDatatype>LOGDT019</logicalDatatype>
<dataTypePrecision>2</dataTypePrecision>
<dataTypeScale>0</dataTypeScale>
<autoIncrementCycle>false</autoIncrementCycle>
</Column>
<Column name="ds_sigla" id="A7506391-7904-BD3C-A68A-22EADF5E8841">
<createdBy>Rita</createdBy>
<createdTime>2014-08-01 19:01:53 UTC</createdTime>
<generatorID>299CFF8C-8E03-2C25-7ED1-395C02E87B74</generatorID>
<ownerDesignName>AULA13_EX1_SPV_NOTA_FISCAL</ownerDesignName>
<useDomainConstraints>false</useDomainConstraints>
<use>1</use>
<logicalDatatype>LOGDT025</logicalDatatype>
<dataTypeSize>3</dataTypeSize>
<autoIncrementCycle>false</autoIncrementCycle>
</Column>
<Column name="ds_unidade_medida" id="C2227211-10E1-04F3-C97B-E6C94E995B5D">
<createdBy>Rita</createdBy>
<createdTime>2014-08-01 19:01:53 UTC</createdTime>
<generatorID>02E4E230-96A1-3D2D-8A7D-A75F8062AC2C</generatorID>
<ownerDesignName>AULA13_EX1_SPV_NOTA_FISCAL</ownerDesignName>
<useDomainConstraints>false</useDomainConstraints>
<use>1</use>
<logicalDatatype>LOGDT024</logicalDatatype>
<dataTypeSize>30</dataTypeSize>
<autoIncrementCycle>false</autoIncrementCycle>
</Column>
</columns>
<indexes itemClass="oracle.dbtools.crest.model.design.relational.Index">
<ind_PK_UK id="27102A71-1A5D-17B8-0052-E79E011CD0A9" name="PK_SPV_UNIDADE_MEDIDA">
<createdBy>Rita</createdBy>
<createdTime>2014-08-01 19:01:53 UTC</createdTime>
<generatorID>63488C5E-E45A-6B98-19D0-4121631718AD</generatorID>
<ownerDesignName>AULA13_EX1_SPV_NOTA_FISCAL</ownerDesignName>
<pk>true</pk>
<indexState>Primary Constraint</indexState>
<isSurrogateKey>false</isSurrogateKey>
<indexColumnUsage>
<colUsage columnID="DFF0ABF9-565B-E086-17DD-5D90032D687D"/>
</indexColumnUsage>
</ind_PK_UK>
</indexes>
</Table>