<?xml version = '1.0' encoding = 'UTF-8'?>
<Table class="oracle.dbtools.crest.model.design.relational.Table" directorySegmentName="seg_0" id="746BFADE-28DD-FAC8-1C69-D59594421DE0" name="T_SPV_ITEM_NOTA_FISCAL">
<createdBy>Rita</createdBy>
<createdTime>2014-08-01 19:01:53 UTC</createdTime>
<generatorID>5744FD26-E670-AF3C-4478-181981BA847D</generatorID>
<ownerDesignName>AULA13_EX1_SPV_NOTA_FISCAL</ownerDesignName>
<allowColumnReorder>false</allowColumnReorder>
<existDependencyGenerateInDDl>true</existDependencyGenerateInDDl>
<columns itemClass="oracle.dbtools.crest.model.design.relational.Column">
<Column name="nr_nota_fiscal" id="AFCFFC41-C89C-930A-D9E2-FFAD424C8D6A">
<createdBy>Rita</createdBy>
<createdTime>2014-08-01 19:01:53 UTC</createdTime>
<generatorID>6B460ABB-AD99-4347-230F-BDC80B2BDA4D</generatorID>
<ownerDesignName>AULA13_EX1_SPV_NOTA_FISCAL</ownerDesignName>
<useDomainConstraints>false</useDomainConstraints>
<use>1</use>
<logicalDatatype>LOGDT019</logicalDatatype>
<dataTypePrecision>6</dataTypePrecision>
<delegate>EAFBBDEE-C7A9-B62D-9DD2-8C00FDE56C8E</delegate>
<previousColumn>false</previousColumn>
<autoIncrementCycle>false</autoIncrementCycle>
<associations>
<colAssociation fkAssociation="8CB99D0D-E767-E263-5D44-ED36A9F111DB" referredColumn="EAFBBDEE-C7A9-B62D-9DD2-8C00FDE56C8E"/>
</associations>
</Column>
<Column name="cd_item" id="ED863AE3-928E-5039-9566-F326765B9AD2">
<createdBy>Rita</createdBy>
<createdTime>2014-08-01 19:01:53 UTC</createdTime>
<generatorID>ADAA111E-83C6-CD43-7AE1-5709142B7A28</generatorID>
<ownerDesignName>AULA13_EX1_SPV_NOTA_FISCAL</ownerDesignName>
<useDomainConstraints>false</useDomainConstraints>
<use>1</use>
<logicalDatatype>LOGDT019</logicalDatatype>
<dataTypePrecision>3</dataTypePrecision>
<autoIncrementCycle>false</autoIncrementCycle>
</Column>
<Column name="cd_produto" id="BE0C583F-38AB-BEDF-2E3A-E9C9313283AB">
<createdBy>Rita</createdBy>
<createdTime>2014-08-01 19:01:53 UTC</createdTime>
<generatorID>D9F4EC7F-170C-89A2-3E0C-7A8A80EE68DD</generatorID>
<ownerDesignName>AULA13_EX1_SPV_NOTA_FISCAL</ownerDesignName>
<useDomainConstraints>false</useDomainConstraints>
<use>1</use>
<logicalDatatype>LOGDT019</logicalDatatype>
<dataTypePrecision>6</dataTypePrecision>
<delegate>28D5446C-6A6E-A406-4822-B551B3D966A4</delegate>
<previousColumn>false</previousColumn>
<autoIncrementCycle>false</autoIncrementCycle>
<associations>
<colAssociation fkAssociation="936F7BC7-90BE-D122-1D70-247B92EF61FF" referredColumn="28D5446C-6A6E-A406-4822-B551B3D966A4"/>
</associations>
</Column>
<Column name="qt_vendida" id="634C2374-1D10-A955-8C50-335F254E9CC5">
<createdBy>Rita</createdBy>
<createdTime>2014-08-01 19:01:53 UTC</createdTime>
<generatorID>DD56A7BD-CB3B-0062-4A06-9D1712D0D8B5</generatorID>
<ownerDesignName>AULA13_EX1_SPV_NOTA_FISCAL</ownerDesignName>
<useDomainConstraints>false</useDomainConstraints>
<use>1</use>
<logicalDatatype>LOGDT019</logicalDatatype>
<dataTypePrecision>3</dataTypePrecision>
<dataTypeScale>0</dataTypeScale>
<autoIncrementCycle>false</autoIncrementCycle>
</Column>
<Column name="vl_preco_unitario" id="C6758EF6-B4A3-282F-4C48-7BE56C08F940">
<createdBy>Rita</createdBy>
<createdTime>2014-08-01 19:01:53 UTC</createdTime>
<generatorID>724FF328-BF28-6AE8-2689-47F32EB24E4F</generatorID>
<ownerDesignName>AULA13_EX1_SPV_NOTA_FISCAL</ownerDesignName>
<useDomainConstraints>false</useDomainConstraints>
<use>1</use>
<logicalDatatype>LOGDT019</logicalDatatype>
<dataTypePrecision>6</dataTypePrecision>
<dataTypeScale>2</dataTypeScale>
<autoIncrementCycle>false</autoIncrementCycle>
</Column>
</columns>
<indexes itemClass="oracle.dbtools.crest.model.design.relational.Index">
<ind_PK_UK id="0711A75A-3BEA-CBA3-0853-18C08131EDE0" name="PK_SPV_ITEM_NOTA_FISCAL">
<createdBy>Rita</createdBy>
<createdTime>2014-08-01 19:01:53 UTC</createdTime>
<generatorID>E97BD714-4D55-EE51-A0B3-CFD9771B8203</generatorID>
<ownerDesignName>AULA13_EX1_SPV_NOTA_FISCAL</ownerDesignName>
<pk>true</pk>
<indexState>Primary Constraint</indexState>
<isSurrogateKey>false</isSurrogateKey>
<indexColumnUsage>
<colUsage columnID="AFCFFC41-C89C-930A-D9E2-FFAD424C8D6A"/>
<colUsage columnID="ED863AE3-928E-5039-9566-F326765B9AD2"/>
</indexColumnUsage>
</ind_PK_UK>
<ind_PK_UK id="298AA8C2-2A08-B72A-186D-B255EF6DE763" name="FK_SPV_ITEMNF_NOTA_FISCAL">
<createdBy>Rita</createdBy>
<createdTime>2014-08-01 19:01:53 UTC</createdTime>
<generatorID>B904407E-677E-7E7B-3979-7241F290399A</generatorID>
<ownerDesignName>AULA13_EX1_SPV_NOTA_FISCAL</ownerDesignName>
<indexState>Foreign Key</indexState>
<isSurrogateKey>false</isSurrogateKey>
<indexColumnUsage>
<colUsage columnID="AFCFFC41-C89C-930A-D9E2-FFAD424C8D6A"/>
</indexColumnUsage>
</ind_PK_UK>
<ind_PK_UK id="795572B7-158F-DC74-49FC-7F2E07E4E863" name="FK_SPV_ITEMNF_PRODUTO">
<createdBy>Rita</createdBy>
<createdTime>2014-08-01 19:01:53 UTC</createdTime>
<generatorID>B82276BA-0CB3-D510-C406-B8B446B4DFA1</generatorID>
<ownerDesignName>AULA13_EX1_SPV_NOTA_FISCAL</ownerDesignName>
<indexState>Foreign Key</indexState>
<isSurrogateKey>false</isSurrogateKey>
<indexColumnUsage>
<colUsage columnID="BE0C583F-38AB-BEDF-2E3A-E9C9313283AB"/>
</indexColumnUsage>
</ind_PK_UK>
</indexes>
</Table>