<?xml version = '1.0' encoding = 'UTF-8'?>
<Table class="oracle.dbtools.crest.model.design.relational.Table" directorySegmentName="seg_0" id="ACD627B3-71DB-F3D4-A127-CFECADDFC5A3" name="T_SPV_CLASSIFICAO_FISCAL">
<createdBy>Rita</createdBy>
<createdTime>2014-08-01 19:01:52 UTC</createdTime>
<generatorID>5E6B870A-BF7E-6D65-A0BC-4734975B1516</generatorID>
<ownerDesignName>AULA13_EX1_SPV_NOTA_FISCAL</ownerDesignName>
<allowColumnReorder>false</allowColumnReorder>
<existDependencyGenerateInDDl>true</existDependencyGenerateInDDl>
<columns itemClass="oracle.dbtools.crest.model.design.relational.Column">
<Column name="cd_classificacao_fiscal" id="33AEA963-B04F-F25C-0120-D94484CFDE92">
<createdBy>Rita</createdBy>
<createdTime>2014-08-01 19:01:52 UTC</createdTime>
<generatorID>0C05097A-4021-CBC7-C6DB-1FA0A6244087</generatorID>
<ownerDesignName>AULA13_EX1_SPV_NOTA_FISCAL</ownerDesignName>
<useDomainConstraints>false</useDomainConstraints>
<use>1</use>
<logicalDatatype>LOGDT019</logicalDatatype>
<dataTypePrecision>4</dataTypePrecision>
<dataTypeScale>0</dataTypeScale>
<autoIncrementCycle>false</autoIncrementCycle>
</Column>
<Column name="nr_cfop" id="ACDF435A-1ED7-4103-0B74-806769547E3D">
<createdBy>Rita</createdBy>
<createdTime>2014-08-01 19:01:52 UTC</createdTime>
<generatorID>48F6316B-7D73-7372-C8BB-41433994FB5E</generatorID>
<ownerDesignName>AULA13_EX1_SPV_NOTA_FISCAL</ownerDesignName>
<useDomainConstraints>false</useDomainConstraints>
<use>1</use>
<logicalDatatype>LOGDT019</logicalDatatype>
<dataTypePrecision>5</dataTypePrecision>
<dataTypeScale>0</dataTypeScale>
<autoIncrementCycle>false</autoIncrementCycle>
</Column>
<Column name="ds_natureza_operacao" id="48338BC0-6464-3D37-002F-765725840A51">
<createdBy>Rita</createdBy>
<createdTime>2014-08-01 19:01:52 UTC</createdTime>
<generatorID>DE05A067-3812-D456-3807-6C6B4F49D7F4</generatorID>
<ownerDesignName>AULA13_EX1_SPV_NOTA_FISCAL</ownerDesignName>
<useDomainConstraints>false</useDomainConstraints>
<use>1</use>
<logicalDatatype>LOGDT024</logicalDatatype>
<dataTypeSize>30</dataTypeSize>
<autoIncrementCycle>false</autoIncrementCycle>
</Column>
</columns>
<indexes itemClass="oracle.dbtools.crest.model.design.relational.Index">
<ind_PK_UK id="67112C0D-4B2F-1415-04AF-FDF5A6AF360F" name="PK_SPV_CLASSIFICAO_FISCAL">
<createdBy>Rita</createdBy>
<createdTime>2014-08-01 19:01:52 UTC</createdTime>
<generatorID>D7E62040-7C56-E91D-1B27-2A5B20D52FF1</generatorID>
<ownerDesignName>AULA13_EX1_SPV_NOTA_FISCAL</ownerDesignName>
<pk>true</pk>
<indexState>Primary Constraint</indexState>
<isSurrogateKey>false</isSurrogateKey>
<indexColumnUsage>
<colUsage columnID="33AEA963-B04F-F25C-0120-D94484CFDE92"/>
</indexColumnUsage>
</ind_PK_UK>
</indexes>
</Table>