<?xml version = '1.0' encoding = 'UTF-8'?>
<Entity class="oracle.dbtools.crest.model.design.logical.Entity" directorySegmentName="seg_0" id="116A8AD2-B1E1-8813-8403-E04D02552A1C" name="T_SIP_FUNC_ENDE">
<createdBy>logonpf</createdBy>
<createdTime>2017-04-24 13:40:11 UTC</createdTime>
<ownerDesignName>AULA11 - EXERC01 - PROJETOS</ownerDesignName>
<engineerTo>
<item key="38C8A164-6624-3EDF-5B66-63584B8B65C8" value="true"/>
</engineerTo>
<adequatelyNormalized>NO</adequatelyNormalized>
<expectedVolumes>0</expectedVolumes>
<fwdEngineeringStrategyName>Single Table</fwdEngineeringStrategyName>
<growthPercent>0</growthPercent>
<growthType>Year</growthType>
<maxVolumes>9999999</maxVolumes>
<minVolumes>0</minVolumes>
<normalForm>Third</normalForm>
<attributes itemClass="oracle.dbtools.crest.model.design.logical.Attribute">
<Attribute name="nr_cep" id="B2194D2A-C208-41CD-1673-CE9C2EB376EB">
<createdBy>logonpf</createdBy>
<createdTime>2017-04-24 13:47:03 UTC</createdTime>
<generatorID>83F8592B-ECFE-63B7-49E7-3BBBB49C5B86</generatorID>
<ownerDesignName>AULA11 - EXERC01 - PROJETOS</ownerDesignName>
<engineerTo>
<item key="38C8A164-6624-3EDF-5B66-63584B8B65C8" value="true"/>
</engineerTo>
<referedAttribute>CFC174D7-6716-8CC7-CFCD-B434B7122631</referedAttribute>
<useDomainConstraints>false</useDomainConstraints>
<use>1</use>
<logicalDatatype>LOGDT019</logicalDatatype>
<dataTypePrecision>8</dataTypePrecision>
<ownDataTypeParameters>,,</ownDataTypeParameters>
</Attribute>
<Attribute name="nr_matricula" id="B43D6949-3A4C-FAF5-BEFE-71E74EA197FB">
<createdBy>logonpf</createdBy>
<createdTime>2017-04-24 13:47:58 UTC</createdTime>
<generatorID>4B4F7034-5C13-AD3A-83AC-52EE87E4FD06</generatorID>
<ownerDesignName>AULA11 - EXERC01 - PROJETOS</ownerDesignName>
<engineerTo>
<item key="38C8A164-6624-3EDF-5B66-63584B8B65C8" value="true"/>
</engineerTo>
<referedAttribute>355C9A0D-70AD-8B0C-7408-9D49EE792C90</referedAttribute>
<use>1</use>
<logicalDatatype>LOGDT019</logicalDatatype>
<dataTypePrecision>5</dataTypePrecision>
<ownDataTypeParameters>,,</ownDataTypeParameters>
</Attribute>
<Attribute name="nr_logradouro" id="973F659E-01F5-C057-2468-C1C24E1ED59A">
<createdBy>logonpf</createdBy>
<createdTime>2017-04-24 13:40:34 UTC</createdTime>
<ownerDesignName>AULA11 - EXERC01 - PROJETOS</ownerDesignName>
<engineerTo>
<item key="38C8A164-6624-3EDF-5B66-63584B8B65C8" value="true"/>
</engineerTo>
<useDomainConstraints>false</useDomainConstraints>
<use>1</use>
<logicalDatatype>LOGDT019</logicalDatatype>
<dataTypePrecision>5</dataTypePrecision>
<ownDataTypeParameters>,5,</ownDataTypeParameters>
</Attribute>
<Attribute name="ds_complemento" id="364DAEA0-4AA7-9A82-191A-1D376EBC9C62">
<createdBy>logonpf</createdBy>
<createdTime>2017-04-24 13:40:39 UTC</createdTime>
<ownerDesignName>AULA11 - EXERC01 - PROJETOS</ownerDesignName>
<engineerTo>
<item key="38C8A164-6624-3EDF-5B66-63584B8B65C8" value="true"/>
</engineerTo>
<nullsAllowed>true</nullsAllowed>
<useDomainConstraints>false</useDomainConstraints>
<use>1</use>
<logicalDatatype>LOGDT024</logicalDatatype>
<dataTypeSize>20</dataTypeSize>
<ownDataTypeParameters>20,,</ownDataTypeParameters>
</Attribute>
</attributes>
<identifiers itemClass="oracle.dbtools.crest.model.design.logical.CandidateKey">
<identifier id="06A25591-AB61-69E6-D02E-FAA9EBF31DED" name="T_SIP_FUNC_ENDE PK">
<createdBy>logonpf</createdBy>
<createdTime>2017-04-24 13:47:03 UTC</createdTime>
<ownerDesignName>AULA11 - EXERC01 - PROJETOS</ownerDesignName>
<engineerTo>
<item key="38C8A164-6624-3EDF-5B66-63584B8B65C8" value="true"/>
</engineerTo>
<pk>true</pk>
<usedAttributes>
<attributeRef>B2194D2A-C208-41CD-1673-CE9C2EB376EB</attributeRef>
<attributeRef>B43D6949-3A4C-FAF5-BEFE-71E74EA197FB</attributeRef>
</usedAttributes>
</identifier>
</identifiers>
</Entity>