<?xml version = '1.0' encoding = 'UTF-8'?>
<Entity class="oracle.dbtools.crest.model.design.logical.Entity" directorySegmentName="seg_0" id="5DECBF07-20B8-665B-A3D6-912A8D7D4821" name="T_SIP_IMPLANTACAO">
<createdBy>logonpf</createdBy>
<createdTime>2017-03-20 12:32:34 UTC</createdTime>
<ownerDesignName>AULA11 - EXERC01 - PROJETOS</ownerDesignName>
<engineerTo>
<item key="38C8A164-6624-3EDF-5B66-63584B8B65C8" value="true"/>
</engineerTo>
<adequatelyNormalized>NO</adequatelyNormalized>
<expectedVolumes>0</expectedVolumes>
<fwdEngineeringStrategyName>Single Table</fwdEngineeringStrategyName>
<growthPercent>0</growthPercent>
<growthType>Year</growthType>
<maxVolumes>9999999</maxVolumes>
<minVolumes>0</minVolumes>
<normalForm>Third</normalForm>
<attributes itemClass="oracle.dbtools.crest.model.design.logical.Attribute">
<Attribute name="cd_implantacao" id="B3B2BC83-3769-56D0-83C8-F1C4A1D58D96">
<createdBy>logonpf</createdBy>
<createdTime>2017-03-20 12:33:04 UTC</createdTime>
<ownerDesignName>AULA11 - EXERC01 - PROJETOS</ownerDesignName>
<engineerTo>
<item key="38C8A164-6624-3EDF-5B66-63584B8B65C8" value="true"/>
</engineerTo>
<useDomainConstraints>false</useDomainConstraints>
<use>1</use>
<logicalDatatype>LOGDT019</logicalDatatype>
<dataTypePrecision>6</dataTypePrecision>
<ownDataTypeParameters>,6,</ownDataTypeParameters>
</Attribute>
<Attribute name="nr_matricula" id="EA33D7BB-F0DD-FAF7-F848-ED6D2511D410">
<createdBy>logonpf</createdBy>
<createdTime>2017-03-27 14:06:32 UTC</createdTime>
<generatorID>D609B988-5534-8DB2-0F85-B342C0878B86</generatorID>
<ownerDesignName>AULA11 - EXERC01 - PROJETOS</ownerDesignName>
<engineerTo>
<item key="38C8A164-6624-3EDF-5B66-63584B8B65C8" value="true"/>
</engineerTo>
<referedAttribute>355C9A0D-70AD-8B0C-7408-9D49EE792C90</referedAttribute>
<use>1</use>
<logicalDatatype>LOGDT019</logicalDatatype>
<dataTypePrecision>5</dataTypePrecision>
<ownDataTypeParameters>,,</ownDataTypeParameters>
</Attribute>
<Attribute name="cd_projeto" id="11D801D7-3AA6-7F4B-7865-F45547AE85AF">
<createdBy>logonpf</createdBy>
<createdTime>2017-03-27 14:07:03 UTC</createdTime>
<generatorID>D10763CE-56EA-6640-CD41-6262069F03BC</generatorID>
<ownerDesignName>AULA11 - EXERC01 - PROJETOS</ownerDesignName>
<engineerTo>
<item key="38C8A164-6624-3EDF-5B66-63584B8B65C8" value="true"/>
</engineerTo>
<referedAttribute>14A425BC-F297-0268-90D8-C6120DE37D4E</referedAttribute>
<use>1</use>
<logicalDatatype>LOGDT019</logicalDatatype>
<dataTypePrecision>5</dataTypePrecision>
<ownDataTypeParameters>,,</ownDataTypeParameters>
</Attribute>
<Attribute name="dt_entrada" id="2C0A19AE-70D6-B8EE-DD6F-B41B6A9205D7">
<createdBy>logonpf</createdBy>
<createdTime>2017-03-20 12:33:11 UTC</createdTime>
<ownerDesignName>AULA11 - EXERC01 - PROJETOS</ownerDesignName>
<engineerTo>
<item key="38C8A164-6624-3EDF-5B66-63584B8B65C8" value="true"/>
</engineerTo>
<useDomainConstraints>false</useDomainConstraints>
<use>1</use>
<logicalDatatype>LOGDT007</logicalDatatype>
<ownDataTypeParameters>,,</ownDataTypeParameters>
</Attribute>
<Attribute name="dt_saida" id="7B9739E7-E9E2-22F3-6F1F-E2A4C957FA68">
<createdBy>logonpf</createdBy>
<createdTime>2017-03-20 12:33:16 UTC</createdTime>
<ownerDesignName>AULA11 - EXERC01 - PROJETOS</ownerDesignName>
<engineerTo>
<item key="38C8A164-6624-3EDF-5B66-63584B8B65C8" value="true"/>
</engineerTo>
<nullsAllowed>true</nullsAllowed>
<useDomainConstraints>false</useDomainConstraints>
<use>1</use>
<logicalDatatype>LOGDT007</logicalDatatype>
<ownDataTypeParameters>,,</ownDataTypeParameters>
</Attribute>
</attributes>
<identifiers itemClass="oracle.dbtools.crest.model.design.logical.CandidateKey">
<identifier id="EB3123A4-95EA-5D52-A188-247707480A58" name="T_SIP_IMPLANTACAO PK">
<createdBy>logonpf</createdBy>
<createdTime>2017-03-20 12:33:10 UTC</createdTime>
<ownerDesignName>AULA11 - EXERC01 - PROJETOS</ownerDesignName>
<engineerTo>
<item key="38C8A164-6624-3EDF-5B66-63584B8B65C8" value="true"/>
</engineerTo>
<pk>true</pk>
<usedAttributes>
<attributeRef>B3B2BC83-3769-56D0-83C8-F1C4A1D58D96</attributeRef>
</usedAttributes>
</identifier>
</identifiers>
</Entity>