<?xml version = '1.0' encoding = 'UTF-8'?>
<Entity class="oracle.dbtools.crest.model.design.logical.Entity" directorySegmentName="seg_0" id="810D356B-B651-3E9E-D77B-9A0F746EE8A3" name="T_SIP_ENDERECO">
<createdBy>logonpf</createdBy>
<createdTime>2017-04-24 13:39:13 UTC</createdTime>
<ownerDesignName>AULA11 - EXERC01 - PROJETOS</ownerDesignName>
<engineerTo>
<item key="38C8A164-6624-3EDF-5B66-63584B8B65C8" value="true"/>
</engineerTo>
<adequatelyNormalized>NO</adequatelyNormalized>
<expectedVolumes>0</expectedVolumes>
<fwdEngineeringStrategyName>Single Table</fwdEngineeringStrategyName>
<growthPercent>0</growthPercent>
<growthType>Year</growthType>
<maxVolumes>9999999</maxVolumes>
<minVolumes>0</minVolumes>
<normalForm>Third</normalForm>
<attributes itemClass="oracle.dbtools.crest.model.design.logical.Attribute">
<Attribute name="nr_cep" id="CFC174D7-6716-8CC7-CFCD-B434B7122631">
<createdBy>logonpf</createdBy>
<createdTime>2017-04-24 13:39:20 UTC</createdTime>
<ownerDesignName>AULA11 - EXERC01 - PROJETOS</ownerDesignName>
<engineerTo>
<item key="38C8A164-6624-3EDF-5B66-63584B8B65C8" value="true"/>
</engineerTo>
<useDomainConstraints>false</useDomainConstraints>
<use>1</use>
<logicalDatatype>LOGDT019</logicalDatatype>
<dataTypePrecision>8</dataTypePrecision>
<ownDataTypeParameters>,8,</ownDataTypeParameters>
</Attribute>
<Attribute name="cd_bairro" id="458053F3-0D65-7E3E-1FE3-46D2A3663782">
<createdBy>logonpf</createdBy>
<createdTime>2017-04-24 13:45:40 UTC</createdTime>
<generatorID>E95C31AD-E048-07FA-328B-B4D31B7227CB</generatorID>
<ownerDesignName>AULA11 - EXERC01 - PROJETOS</ownerDesignName>
<engineerTo>
<item key="38C8A164-6624-3EDF-5B66-63584B8B65C8" value="true"/>
</engineerTo>
<referedAttribute>9369A748-0830-4406-8D28-6B3BA3071F11</referedAttribute>
<use>1</use>
<logicalDatatype>LOGDT019</logicalDatatype>
<dataTypePrecision>5</dataTypePrecision>
<ownDataTypeParameters>,,</ownDataTypeParameters>
</Attribute>
<Attribute name="cd_tipo_log" id="3E42ED6B-E2B8-F430-1E3C-4D98EE8EB9D0">
<createdBy>logonpf</createdBy>
<createdTime>2017-04-24 13:45:56 UTC</createdTime>
<generatorID>7263A996-FF16-E519-09DF-809EFDA364AA</generatorID>
<ownerDesignName>AULA11 - EXERC01 - PROJETOS</ownerDesignName>
<engineerTo>
<item key="38C8A164-6624-3EDF-5B66-63584B8B65C8" value="true"/>
</engineerTo>
<referedAttribute>FE9B4550-B887-21A7-F4BA-4F8E7526DBA5</referedAttribute>
<use>1</use>
<logicalDatatype>LOGDT019</logicalDatatype>
<dataTypePrecision>2</dataTypePrecision>
<ownDataTypeParameters>,,</ownDataTypeParameters>
</Attribute>
<Attribute name="ds_endereco" id="57228035-242F-33B1-2FAD-9ABB7A417F99">
<createdBy>logonpf</createdBy>
<createdTime>2017-04-24 13:39:26 UTC</createdTime>
<ownerDesignName>AULA11 - EXERC01 - PROJETOS</ownerDesignName>
<engineerTo>
<item key="38C8A164-6624-3EDF-5B66-63584B8B65C8" value="true"/>
</engineerTo>
<useDomainConstraints>false</useDomainConstraints>
<use>1</use>
<logicalDatatype>LOGDT024</logicalDatatype>
<dataTypeSize>50</dataTypeSize>
<ownDataTypeParameters>50,,</ownDataTypeParameters>
</Attribute>
</attributes>
<identifiers itemClass="oracle.dbtools.crest.model.design.logical.CandidateKey">
<identifier id="C552E395-0141-6DC8-73B5-7EC3CF36CF79" name="T_SIP_ENDERECO PK">
<createdBy>logonpf</createdBy>
<createdTime>2017-04-24 13:39:25 UTC</createdTime>
<ownerDesignName>AULA11 - EXERC01 - PROJETOS</ownerDesignName>
<engineerTo>
<item key="38C8A164-6624-3EDF-5B66-63584B8B65C8" value="true"/>
</engineerTo>
<pk>true</pk>
<usedAttributes>
<attributeRef>CFC174D7-6716-8CC7-CFCD-B434B7122631</attributeRef>
</usedAttributes>
</identifier>
</identifiers>
</Entity>