<?xml version = '1.0' encoding = 'UTF-8'?>
<Entity class="oracle.dbtools.crest.model.design.logical.Entity" directorySegmentName="seg_0" id="A92F77F0-3A16-47E0-3E07-EB200DF006FF" name="T_SIP_PROJETO">
<createdBy>logonpf</createdBy>
<createdTime>2017-03-20 12:28:25 UTC</createdTime>
<ownerDesignName>AULA11 - EXERC01 - PROJETOS</ownerDesignName>
<engineerTo>
<item key="38C8A164-6624-3EDF-5B66-63584B8B65C8" value="true"/>
</engineerTo>
<adequatelyNormalized>NO</adequatelyNormalized>
<expectedVolumes>0</expectedVolumes>
<fwdEngineeringStrategyName>Single Table</fwdEngineeringStrategyName>
<growthPercent>0</growthPercent>
<growthType>Year</growthType>
<maxVolumes>9999999</maxVolumes>
<minVolumes>0</minVolumes>
<normalForm>Third</normalForm>
<attributes itemClass="oracle.dbtools.crest.model.design.logical.Attribute">
<Attribute name="cd_projeto" id="14A425BC-F297-0268-90D8-C6120DE37D4E">
<createdBy>logonpf</createdBy>
<createdTime>2017-03-20 12:28:41 UTC</createdTime>
<ownerDesignName>AULA11 - EXERC01 - PROJETOS</ownerDesignName>
<engineerTo>
<item key="38C8A164-6624-3EDF-5B66-63584B8B65C8" value="true"/>
</engineerTo>
<useDomainConstraints>false</useDomainConstraints>
<use>1</use>
<logicalDatatype>LOGDT019</logicalDatatype>
<dataTypePrecision>5</dataTypePrecision>
<ownDataTypeParameters>,5,</ownDataTypeParameters>
</Attribute>
<Attribute name="nm_projeto" id="136589DD-4DF6-2917-01FD-A04209E7B3BC">
<createdBy>logonpf</createdBy>
<createdTime>2017-03-20 12:28:54 UTC</createdTime>
<ownerDesignName>AULA11 - EXERC01 - PROJETOS</ownerDesignName>
<engineerTo>
<item key="38C8A164-6624-3EDF-5B66-63584B8B65C8" value="true"/>
</engineerTo>
<useDomainConstraints>false</useDomainConstraints>
<use>1</use>
<logicalDatatype>LOGDT024</logicalDatatype>
<dataTypeSize>40</dataTypeSize>
<ownDataTypeParameters>40,,</ownDataTypeParameters>
</Attribute>
<Attribute name="dt_inicio" id="66F7F00C-4A73-E2D8-C107-8E9F00F560DE">
<createdBy>logonpf</createdBy>
<createdTime>2017-03-20 12:28:59 UTC</createdTime>
<ownerDesignName>AULA11 - EXERC01 - PROJETOS</ownerDesignName>
<engineerTo>
<item key="38C8A164-6624-3EDF-5B66-63584B8B65C8" value="true"/>
</engineerTo>
<useDomainConstraints>false</useDomainConstraints>
<use>1</use>
<logicalDatatype>LOGDT007</logicalDatatype>
<ownDataTypeParameters>,,</ownDataTypeParameters>
</Attribute>
<Attribute name="dt_termino" id="15220BF4-1002-E901-C79C-B39B9C72FB1F">
<createdBy>logonpf</createdBy>
<createdTime>2017-03-20 12:29:04 UTC</createdTime>
<ownerDesignName>AULA11 - EXERC01 - PROJETOS</ownerDesignName>
<engineerTo>
<item key="38C8A164-6624-3EDF-5B66-63584B8B65C8" value="true"/>
</engineerTo>
<nullsAllowed>true</nullsAllowed>
<useDomainConstraints>false</useDomainConstraints>
<use>1</use>
<logicalDatatype>LOGDT007</logicalDatatype>
<ownDataTypeParameters>,,</ownDataTypeParameters>
</Attribute>
</attributes>
<identifiers itemClass="oracle.dbtools.crest.model.design.logical.CandidateKey">
<identifier id="EC4909CD-669F-DCF9-E7C8-21C3867C6F48" name="T_SIP_PROJETO PK">
<createdBy>logonpf</createdBy>
<createdTime>2017-03-20 12:28:46 UTC</createdTime>
<ownerDesignName>AULA11 - EXERC01 - PROJETOS</ownerDesignName>
<engineerTo>
<item key="38C8A164-6624-3EDF-5B66-63584B8B65C8" value="true"/>
</engineerTo>
<pk>true</pk>
<usedAttributes>
<attributeRef>14A425BC-F297-0268-90D8-C6120DE37D4E</attributeRef>
</usedAttributes>
</identifier>
</identifiers>
</Entity>