<?xml version = '1.0' encoding = 'UTF-8'?>
<Entity class="oracle.dbtools.crest.model.design.logical.Entity" directorySegmentName="seg_0" id="ED018394-F701-36FF-AE33-DE7146EBB137" name="T_SIP_DEPENDENTE">
<createdBy>logonpf</createdBy>
<createdTime>2017-03-20 12:31:44 UTC</createdTime>
<ownerDesignName>AULA11 - EXERC01 - PROJETOS</ownerDesignName>
<engineerTo>
<item key="38C8A164-6624-3EDF-5B66-63584B8B65C8" value="true"/>
</engineerTo>
<adequatelyNormalized>NO</adequatelyNormalized>
<expectedVolumes>0</expectedVolumes>
<fwdEngineeringStrategyName>Single Table</fwdEngineeringStrategyName>
<growthPercent>0</growthPercent>
<growthType>Year</growthType>
<maxVolumes>9999999</maxVolumes>
<minVolumes>0</minVolumes>
<normalForm>Third</normalForm>
<attributes itemClass="oracle.dbtools.crest.model.design.logical.Attribute">
<Attribute name="nr_matricula" id="F9E4A5F2-8E7F-8DBD-A4CE-A0BA1FD8C93D">
<createdBy>logonpf</createdBy>
<createdTime>2017-03-27 14:05:53 UTC</createdTime>
<generatorID>EC920DF7-73F9-AA6D-B976-7196979CBD64</generatorID>
<ownerDesignName>AULA11 - EXERC01 - PROJETOS</ownerDesignName>
<engineerTo>
<item key="38C8A164-6624-3EDF-5B66-63584B8B65C8" value="true"/>
</engineerTo>
<referedAttribute>355C9A0D-70AD-8B0C-7408-9D49EE792C90</referedAttribute>
<useDomainConstraints>false</useDomainConstraints>
<use>1</use>
<logicalDatatype>LOGDT019</logicalDatatype>
<dataTypePrecision>5</dataTypePrecision>
<ownDataTypeParameters>,,</ownDataTypeParameters>
</Attribute>
<Attribute name="cd_dependente" id="BE2FFFD8-D612-8DBC-821A-3FECEB54558F">
<createdBy>logonpf</createdBy>
<createdTime>2017-03-20 12:32:03 UTC</createdTime>
<ownerDesignName>AULA11 - EXERC01 - PROJETOS</ownerDesignName>
<engineerTo>
<item key="38C8A164-6624-3EDF-5B66-63584B8B65C8" value="true"/>
</engineerTo>
<useDomainConstraints>false</useDomainConstraints>
<use>1</use>
<logicalDatatype>LOGDT019</logicalDatatype>
<dataTypePrecision>2</dataTypePrecision>
<ownDataTypeParameters>,2,</ownDataTypeParameters>
</Attribute>
<Attribute name="nm_dependente" id="9FDC5868-6CD0-434C-17AE-18F005E376E5">
<createdBy>logonpf</createdBy>
<createdTime>2017-03-20 12:32:09 UTC</createdTime>
<ownerDesignName>AULA11 - EXERC01 - PROJETOS</ownerDesignName>
<engineerTo>
<item key="38C8A164-6624-3EDF-5B66-63584B8B65C8" value="true"/>
</engineerTo>
<useDomainConstraints>false</useDomainConstraints>
<use>1</use>
<logicalDatatype>LOGDT024</logicalDatatype>
<dataTypeSize>50</dataTypeSize>
<ownDataTypeParameters>50,,</ownDataTypeParameters>
</Attribute>
<Attribute name="dt_nascimento" id="16B02D47-E9F0-EC6A-DC46-BD59CD6973E8">
<createdBy>logonpf</createdBy>
<createdTime>2017-03-20 12:32:15 UTC</createdTime>
<ownerDesignName>AULA11 - EXERC01 - PROJETOS</ownerDesignName>
<engineerTo>
<item key="38C8A164-6624-3EDF-5B66-63584B8B65C8" value="true"/>
</engineerTo>
<useDomainConstraints>false</useDomainConstraints>
<use>1</use>
<logicalDatatype>LOGDT007</logicalDatatype>
<ownDataTypeParameters>,,</ownDataTypeParameters>
</Attribute>
</attributes>
<identifiers itemClass="oracle.dbtools.crest.model.design.logical.CandidateKey">
<identifier id="5CFFA9E2-7DC9-FBD7-8ABF-CD3AB3864895" name="T_SIP_DEPENDENTE PK">
<createdBy>logonpf</createdBy>
<createdTime>2017-03-20 12:32:07 UTC</createdTime>
<ownerDesignName>AULA11 - EXERC01 - PROJETOS</ownerDesignName>
<engineerTo>
<item key="38C8A164-6624-3EDF-5B66-63584B8B65C8" value="true"/>
</engineerTo>
<pk>true</pk>
<usedAttributes>
<attributeRef>BE2FFFD8-D612-8DBC-821A-3FECEB54558F</attributeRef>
<attributeRef>F9E4A5F2-8E7F-8DBD-A4CE-A0BA1FD8C93D</attributeRef>
</usedAttributes>
</identifier>
</identifiers>
</Entity>