<?xml version = '1.0' encoding = 'UTF-8'?>
<FKIndexAssociation class="oracle.dbtools.crest.model.design.relational.FKIndexAssociation" directorySegmentName="seg_0" id="1DEAAF2C-490A-E387-3A75-07D5FCCEE0B0" name="FK_SPV_PROD_UNID_MEDIDA">
<createdBy>Rita</createdBy>
<createdTime>2014-08-01 19:01:53 UTC</createdTime>
<generatorID>F3877700-42D8-32EC-E479-1FAB20AEEC24</generatorID>
<ownerDesignName>AULA13_EX1_SPV_NOTA_FISCAL</ownerDesignName>
<containerWithKeyObject>242A31A7-B504-1EE1-EAF9-7C80B5B5220F</containerWithKeyObject>
<deleteRule>NO ACTION</deleteRule>
<localFKIndex>0F8D1D92-CD1C-DECE-3D55-2E4DA8661B05</localFKIndex>
<keyObject>27102A71-1A5D-17B8-0052-E79E011CD0A9</keyObject>
<mandatory>true</mandatory>
<transferable>true</transferable>
<columnDependencyConstraintGenerateInDDL>true</columnDependencyConstraintGenerateInDDL>
</FKIndexAssociation>