<?xml version = '1.0' encoding = 'UTF-8'?>
<FKIndexAssociation class="oracle.dbtools.crest.model.design.relational.FKIndexAssociation" directorySegmentName="seg_0" id="75D44C45-919E-415F-4C6D-9DA16C4872E5" name="FK_SPV_NF_CLASSIF">
<createdBy>Rita</createdBy>
<createdTime>2014-08-01 19:01:53 UTC</createdTime>
<generatorID>05605764-1056-174D-CFC0-AE9753E55C38</generatorID>
<ownerDesignName>AULA13_EX1_SPV_NOTA_FISCAL</ownerDesignName>
<containerWithKeyObject>0B9A4A3D-60C8-5797-116E-BE4FEE757FBD</containerWithKeyObject>
<deleteRule>NO ACTION</deleteRule>
<localFKIndex>1B7F57BE-E8AF-EC3B-351C-4344EBFC9045</localFKIndex>
<keyObject>67112C0D-4B2F-1415-04AF-FDF5A6AF360F</keyObject>
<mandatory>true</mandatory>
<transferable>true</transferable>
<columnDependencyConstraintGenerateInDDL>true</columnDependencyConstraintGenerateInDDL>
</FKIndexAssociation>