<?xml version = '1.0' encoding = 'UTF-8'?>
<FKIndexAssociation class="oracle.dbtools.crest.model.design.relational.FKIndexAssociation" directorySegmentName="seg_0" id="8CB99D0D-E767-E263-5D44-ED36A9F111DB" name="FK_SPV_ITEMNF_NOTA_FISCAL">
<createdBy>Rita</createdBy>
<createdTime>2014-08-01 19:01:53 UTC</createdTime>
<generatorID>B904407E-677E-7E7B-3979-7241F290399A</generatorID>
<ownerDesignName>AULA13_EX1_SPV_NOTA_FISCAL</ownerDesignName>
<containerWithKeyObject>746BFADE-28DD-FAC8-1C69-D59594421DE0</containerWithKeyObject>
<deleteRule>NO ACTION</deleteRule>
<localFKIndex>298AA8C2-2A08-B72A-186D-B255EF6DE763</localFKIndex>
<keyObject>105B770F-3424-C428-820B-25F0A99EF52F</keyObject>
<mandatory>true</mandatory>
<transferable>true</transferable>
<columnDependencyConstraintGenerateInDDL>true</columnDependencyConstraintGenerateInDDL>
</FKIndexAssociation>