<?xml version = '1.0' encoding = 'UTF-8'?>
<FKIndexAssociation class="oracle.dbtools.crest.model.design.relational.FKIndexAssociation" directorySegmentName="seg_0" id="936F7BC7-90BE-D122-1D70-247B92EF61FF" name="FK_SPV_ITEMNF_PRODUTO">
<createdBy>Rita</createdBy>
<createdTime>2014-08-01 19:01:53 UTC</createdTime>
<generatorID>B82276BA-0CB3-D510-C406-B8B446B4DFA1</generatorID>
<ownerDesignName>AULA13_EX1_SPV_NOTA_FISCAL</ownerDesignName>
<containerWithKeyObject>746BFADE-28DD-FAC8-1C69-D59594421DE0</containerWithKeyObject>
<deleteRule>NO ACTION</deleteRule>
<localFKIndex>795572B7-158F-DC74-49FC-7F2E07E4E863</localFKIndex>
<keyObject>D887D3FC-ECAC-9F27-5B76-2781F472DA84</keyObject>
<mandatory>true</mandatory>
<transferable>true</transferable>
<columnDependencyConstraintGenerateInDDL>true</columnDependencyConstraintGenerateInDDL>
</FKIndexAssociation>