<?xml version = '1.0' encoding = 'UTF-8'?>
<FKIndexAssociation class="oracle.dbtools.crest.model.design.relational.FKIndexAssociation" directorySegmentName="seg_0" id="9BD118BE-D981-B77D-B418-F34F70B6854B" name="FK_SPV_NF_CLIENTE">
<createdBy>Rita</createdBy>
<createdTime>2014-08-01 19:01:53 UTC</createdTime>
<generatorID>0FD683A7-7ED8-59BA-ADF3-E4BBC19237F7</generatorID>
<ownerDesignName>AULA13_EX1_SPV_NOTA_FISCAL</ownerDesignName>
<containerWithKeyObject>0B9A4A3D-60C8-5797-116E-BE4FEE757FBD</containerWithKeyObject>
<deleteRule>NO ACTION</deleteRule>
<localFKIndex>54277384-BB49-4333-132F-2AF84E192B94</localFKIndex>
<keyObject>579884C9-EFB4-A24A-2A66-DF628532A714</keyObject>
<mandatory>true</mandatory>
<transferable>true</transferable>
<columnDependencyConstraintGenerateInDDL>true</columnDependencyConstraintGenerateInDDL>
</FKIndexAssociation>